{
    "113": {
        "ln": "Leeds",
        "sn": "Leeds"
    },
    "114": {
        "ln": "Sheffield",
        "sn": "Sheffield"
    },
    "115": {
        "ln": "Nottingham",
        "sn": "Nottingham"
    },
    "116": {
        "ln": "Leicester",
        "sn": "Leicester"
    },
    "117": {
        "ln": "Bristol",
        "sn": "Bristol"
    },
    "118": {
        "ln": "Reading",
        "sn": "Reading"
    },
    "1200": {
        "ln": "Clitheroe",
        "sn": "Clitheroe"
    },
    "1201": {
        "ln": "Unknown Location",
        "sn": "Unknown Location"
    },
    "1202": {
        "ln": "Bournemouth",
        "sn": "Bournemouth"
    },
    "1203": {
        "ln": "Unknown Location",
        "sn": "Unknown Location"
    },
    "1204": {
        "ln": "Bolton",
        "sn": "Bolton"
    },
    "1205": {
        "ln": "Boston",
        "sn": "Boston"
    },
    "1206": {
        "ln": "Colchester",
        "sn": "Colchester"
    },
    "1207": {
        "ln": "Consett",
        "sn": "Consett"
    },
    "1208": {
        "ln": "Bodmin",
        "sn": "Bodmin"
    },
    "1209": {
        "ln": "Redruth, Cornwall",
        "sn": "Redruth"
    },
    "121": {
        "ln": "Birmingham",
        "sn": "Birmingham"
    },
    "1220": {
        "ln": "Unknown Location",
        "sn": "Unknown Location"
    },
    "1221": {
        "ln": "Unknown Location",
        "sn": "Unknown Location"
    },
    "1222": {
        "ln": "Unknown Location",
        "sn": "Unknown Location"
    },
    "1223": {
        "ln": "Cambridge",
        "sn": "Cambridge"
    },
    "1224": {
        "ln": "Aberdeen",
        "sn": "Aberdeen"
    },
    "1225": {
        "ln": "Bath",
        "sn": "Bath"
    },
    "1226": {
        "ln": "Barnsley",
        "sn": "Barnsley"
    },
    "1227": {
        "ln": "Canterbury",
        "sn": "Canterbury"
    },
    "1228": {
        "ln": "Carlisle",
        "sn": "Carlisle"
    },
    "1229": {
        "ln": "Barrow-in-Furness",
        "sn": "Barrow-in-Furness"
    },
    "1230": {
        "ln": "Unknown Location",
        "sn": "Unknown Location"
    },
    "1231": {
        "ln": "Unknown Location",
        "sn": "Unknown Location"
    },
    "1232": {
        "ln": "Unknown Location",
        "sn": "Unknown Location"
    },
    "1233": {
        "ln": "Ashford",
        "sn": "Ashford"
    },
    "1234": {
        "ln": "Bedford",
        "sn": "Bedford"
    },
    "1235": {
        "ln": "Abingdon",
        "sn": "Abingdon"
    },
    "1236": {
        "ln": "Coatbridge",
        "sn": "Coatbridge"
    },
    "1237": {
        "ln": "Bideford",
        "sn": "Bideford"
    },
    "1238": {
        "ln": "Unknown Location",
        "sn": "Unknown Location"
    },
    "1239": {
        "ln": "Cardigan",
        "sn": "Cardigan"
    },
    "1240": {
        "ln": "Unknown Location",
        "sn": "Unknown Location"
    },
    "1241": {
        "ln": "Arbroath",
        "sn": "Arbroath"
    },
    "1242": {
        "ln": "Cheltenham",
        "sn": "Cheltenham"
    },
    "1243": {
        "ln": "Chichester, West Sussex",
        "sn": "Chichester"
    },
    "1244": {
        "ln": "Chester",
        "sn": "Chester"
    },
    "1245": {
        "ln": "Chelmsford",
        "sn": "Chelmsford"
    },
    "1246": {
        "ln": "Chesterfield",
        "sn": "Chesterfield"
    },
    "1247": {
        "ln": "Unknown Location",
        "sn": "Unknown Location"
    },
    "1248": {
        "ln": "Bangor, Wales",
        "sn": "Bangor"
    },
    "1249": {
        "ln": "Chippenham",
        "sn": "Chippenham"
    },
    "1250": {
        "ln": "Blairgowrie",
        "sn": "Blairgowrie"
    },
    "1251": {
        "ln": "Unknown Location",
        "sn": "Unknown Location"
    },
    "1252": {
        "ln": "Aldershot",
        "sn": "Aldershot"
    },
    "1253": {
        "ln": "Blackpool",
        "sn": "Blackpool"
    },
    "1254": {
        "ln": "Blackburn",
        "sn": "Blackburn"
    },
    "1255": {
        "ln": "Clacton on Sea",
        "sn": "Clacton on Sea"
    },
    "1256": {
        "ln": "Basingstoke",
        "sn": "Basingstoke"
    },
    "1257": {
        "ln": "Chorley",
        "sn": "Chorley"
    },
    "1258": {
        "ln": "Blandford",
        "sn": "Blandford"
    },
    "1259": {
        "ln": "Alloa",
        "sn": "Alloa"
    },
    "1260": {
        "ln": "Congleton",
        "sn": "Congleton"
    },
    "1261": {
        "ln": "Banff",
        "sn": "Banff"
    },
    "1262": {
        "ln": "Bridlington",
        "sn": "Bridlington"
    },
    "1263": {
        "ln": "Cromer",
        "sn": "Cromer"
    },
    "1264": {
        "ln": "Andover",
        "sn": "Andover"
    },
    "1265": {
        "ln": "Unknown Location",
        "sn": "Unknown Location"
    },
    "1266": {
        "ln": "Unknown Location",
        "sn": "Unknown Location"
    },
    "1267": {
        "ln": "Carmarthen",
        "sn": "Carmarthen"
    },
    "1268": {
        "ln": "Basildon",
        "sn": "Basildon"
    },
    "1269": {
        "ln": "Ammanford",
        "sn": "Ammanford"
    },
    "1270": {
        "ln": "Crewe",
        "sn": "Crewe"
    },
    "1271": {
        "ln": "Barnstaple",
        "sn": "Barnstaple"
    },
    "1272": {
        "ln": "Unknown Location",
        "sn": "Unknown Location"
    },
    "1273": {
        "ln": "Brighton",
        "sn": "Brighton"
    },
    "1274": {
        "ln": "Bradford",
        "sn": "Bradford"
    },
    "1275": {
        "ln": "Clevedon, Bristol",
        "sn": "Clevedon"
    },
    "1276": {
        "ln": "Camberley",
        "sn": "Camberley"
    },
    "1277": {
        "ln": "Brentwood",
        "sn": "Brentwood"
    },
    "1278": {
        "ln": "Bridgwater",
        "sn": "Bridgwater"
    },
    "1279": {
        "ln": "Bishop's Stortford",
        "sn": "Bishop's Stortford"
    },
    "1280": {
        "ln": "Buckingham",
        "sn": "Buckingham"
    },
    "1281": {
        "ln": "Unknown Location",
        "sn": "Unknown Location"
    },
    "1282": {
        "ln": "Burnley",
        "sn": "Burnley"
    },
    "1283": {
        "ln": "Burton upon Trent",
        "sn": "Burton upon Trent"
    },
    "1284": {
        "ln": "Bury St Edmunds",
        "sn": "Bury St Edmunds"
    },
    "1285": {
        "ln": "Cirencester",
        "sn": "Cirencester"
    },
    "1286": {
        "ln": "Caernarfon",
        "sn": "Caernarfon"
    },
    "1287": {
        "ln": "Guisborough",
        "sn": "Guisborough"
    },
    "1288": {
        "ln": "Bude",
        "sn": "Bude"
    },
    "1289": {
        "ln": "Berwick-upon-Tweed",
        "sn": "Berwick-upon-Tweed"
    },
    "1290": {
        "ln": "Cumnock, Ayrshire",
        "sn": "Cumnock"
    },
    "1291": {
        "ln": "Chepstow",
        "sn": "Chepstow"
    },
    "1292": {
        "ln": "Ayr",
        "sn": "Ayr"
    },
    "1293": {
        "ln": "Crawley",
        "sn": "Crawley"
    },
    "1294": {
        "ln": "Ardrossan, Ayrshire",
        "sn": "Ardrossan"
    },
    "1295": {
        "ln": "Banbury",
        "sn": "Banbury"
    },
    "1296": {
        "ln": "Aylesbury",
        "sn": "Aylesbury"
    },
    "1297": {
        "ln": "Axminster",
        "sn": "Axminster"
    },
    "1298": {
        "ln": "Buxton",
        "sn": "Buxton"
    },
    "1299": {
        "ln": "Bewdley",
        "sn": "Bewdley"
    },
    "1300": {
        "ln": "Cerne Abbas, Dorset",
        "sn": "Cerne Abbas"
    },
    "1301": {
        "ln": "Arrochar",
        "sn": "Arrochar"
    },
    "1302": {
        "ln": "Doncaster",
        "sn": "Doncaster"
    },
    "1303": {
        "ln": "Folkestone",
        "sn": "Folkestone"
    },
    "1304": {
        "ln": "Dover",
        "sn": "Dover"
    },
    "1305": {
        "ln": "Dorchester",
        "sn": "Dorchester"
    },
    "1306": {
        "ln": "Dorking",
        "sn": "Dorking"
    },
    "1307": {
        "ln": "Forfar",
        "sn": "Forfar"
    },
    "1308": {
        "ln": "Bridport, Dorset",
        "sn": "Bridport"
    },
    "1309": {
        "ln": "Forres",
        "sn": "Forres"
    },
    "131": {
        "ln": "Edinburgh",
        "sn": "Edinburgh"
    },
    "1320": {
        "ln": "Fort Augustus",
        "sn": "Fort Augustus"
    },
    "1321": {
        "ln": "Unknown Location",
        "sn": "Unknown Location"
    },
    "1322": {
        "ln": "Dartford",
        "sn": "Dartford"
    },
    "1323": {
        "ln": "Eastbourne",
        "sn": "Eastbourne"
    },
    "1324": {
        "ln": "Falkirk",
        "sn": "Falkirk"
    },
    "1325": {
        "ln": "Darlington",
        "sn": "Darlington"
    },
    "1326": {
        "ln": "Falmouth",
        "sn": "Falmouth"
    },
    "1327": {
        "ln": "Daventry",
        "sn": "Daventry"
    },
    "1328": {
        "ln": "Fakenham",
        "sn": "Fakenham"
    },
    "1329": {
        "ln": "Fareham",
        "sn": "Fareham"
    },
    "1330": {
        "ln": "Banchory, Deeside",
        "sn": "Banchory"
    },
    "1331": {
        "ln": "Unknown Location",
        "sn": "Unknown Location"
    },
    "1332": {
        "ln": "Derby",
        "sn": "Derby"
    },
    "1333": {
        "ln": "Peat Inn, Fife",
        "sn": "Peat Inn"
    },
    "1334": {
        "ln": "St Andrews, Fife",
        "sn": "St Andrews"
    },
    "1335": {
        "ln": "Ashbourne",
        "sn": "Ashbourne"
    },
    "1336": {
        "ln": "Unknown Location",
        "sn": "Unknown Location"
    },
    "1337": {
        "ln": "Ladybank, Fife",
        "sn": "Ladybank"
    },
    "1338": {
        "ln": "Unknown Location",
        "sn": "Unknown Location"
    },
    "1339": {
        "ln": "Aboyne, Ballater, Deeside",
        "sn": "Aboyne"
    },
    "1340": {
        "ln": "Craigellachie, Elgin",
        "sn": "Craigellachie"
    },
    "1341": {
        "ln": "Barmouth, Dolgellau",
        "sn": "Barmouth"
    },
    "1342": {
        "ln": "East Grinstead",
        "sn": "East Grinstead"
    },
    "1343": {
        "ln": "Elgin",
        "sn": "Elgin"
    },
    "1344": {
        "ln": "Bracknell, Easthampstead",
        "sn": "Bracknell"
    },
    "1345": {
        "ln": "Unknown Location",
        "sn": "Unknown Location"
    },
    "1346": {
        "ln": "Fraserburgh",
        "sn": "Fraserburgh"
    },
    "1347": {
        "ln": "Easingwold",
        "sn": "Easingwold"
    },
    "1348": {
        "ln": "Fishguard",
        "sn": "Fishguard"
    },
    "1349": {
        "ln": "Dingwall",
        "sn": "Dingwall"
    },
    "1350": {
        "ln": "Dunkeld",
        "sn": "Dunkeld"
    },
    "1351": {
        "ln": "Unknown Location",
        "sn": "Unknown Location"
    },
    "1352": {
        "ln": "Mold, Flint",
        "sn": "Mold"
    },
    "1353": {
        "ln": "Ely",
        "sn": "Ely"
    },
    "1354": {
        "ln": "March, Cambridgeshire, Fenland",
        "sn": "March"
    },
    "1355": {
        "ln": "East Kilbride",
        "sn": "East Kilbride"
    },
    "1356": {
        "ln": "Brechin, Edzell",
        "sn": "Brechin"
    },
    "1357": {
        "ln": "Strathaven, East Kilbride",
        "sn": "Strathaven"
    },
    "1358": {
        "ln": "Ellon",
        "sn": "Ellon"
    },
    "1359": {
        "ln": "Pakenham, Elmswell",
        "sn": "Pakenham"
    },
    "1360": {
        "ln": "Killearn, Drymen",
        "sn": "Killearn"
    },
    "1361": {
        "ln": "Duns",
        "sn": "Duns"
    },
    "1362": {
        "ln": "Dereham",
        "sn": "Dereham"
    },
    "1363": {
        "ln": "Crediton",
        "sn": "Crediton"
    },
    "1364": {
        "ln": "Ashburton, Devon",
        "sn": "Ashburton"
    },
    "1365": {
        "ln": "Unknown Location",
        "sn": "Unknown Location"
    },
    "1366": {
        "ln": "Downham Market",
        "sn": "Downham Market"
    },
    "1367": {
        "ln": "Faringdon",
        "sn": "Faringdon"
    },
    "1368": {
        "ln": "Dunbar",
        "sn": "Dunbar"
    },
    "1369": {
        "ln": "Dunoon",
        "sn": "Dunoon"
    },
    "1370": {
        "ln": "Unknown Location",
        "sn": "Unknown Location"
    },
    "1371": {
        "ln": "Great Dunmow, Essex",
        "sn": "Great Dunmow"
    },
    "1372": {
        "ln": "Epsom",
        "sn": "Epsom"
    },
    "1373": {
        "ln": "Frome",
        "sn": "Frome"
    },
    "1374": {
        "ln": "Unknown Location",
        "sn": "Unknown Location"
    },
    "1375": {
        "ln": "Grays Thurrock, Essex",
        "sn": "Grays Thurrock"
    },
    "1376": {
        "ln": "Braintree, Essex",
        "sn": "Braintree"
    },
    "1377": {
        "ln": "Driffield",
        "sn": "Driffield"
    },
    "1378": {
        "ln": "Unknown Location",
        "sn": "Unknown Location"
    },
    "1379": {
        "ln": "Diss",
        "sn": "Diss"
    },
    "1380": {
        "ln": "Devizes",
        "sn": "Devizes"
    },
    "1381": {
        "ln": "Fortrose",
        "sn": "Fortrose"
    },
    "1382": {
        "ln": "Dundee",
        "sn": "Dundee"
    },
    "1383": {
        "ln": "Dunfermline",
        "sn": "Dunfermline"
    },
    "1384": {
        "ln": "Dudley",
        "sn": "Dudley"
    },
    "1385": {
        "ln": "Unknown Location",
        "sn": "Unknown Location"
    },
    "1386": {
        "ln": "Evesham",
        "sn": "Evesham"
    },
    "13870": {
        "ln": "Dumfries",
        "sn": "Dumfries"
    },
    "13871": {
        "ln": "Dumfries",
        "sn": "Dumfries"
    },
    "13872": {
        "ln": "Dumfries",
        "sn": "Dumfries"
    },
    "13873": {
        "ln": "Langholm",
        "sn": "Langholm"
    },
    "13874": {
        "ln": "Dumfries",
        "sn": "Dumfries"
    },
    "13875": {
        "ln": "Dumfries",
        "sn": "Dumfries"
    },
    "13876": {
        "ln": "Dumfries",
        "sn": "Dumfries"
    },
    "13877": {
        "ln": "Dumfries",
        "sn": "Dumfries"
    },
    "13878": {
        "ln": "Dumfries",
        "sn": "Dumfries"
    },
    "13879": {
        "ln": "Dumfries",
        "sn": "Dumfries"
    },
    "1388": {
        "ln": "Bishop Auckland, Durham",
        "sn": "Bishop Auckland"
    },
    "1389": {
        "ln": "Dumbarton",
        "sn": "Dumbarton"
    },
    "1390": {
        "ln": "Unknown Location",
        "sn": "Unknown Location"
    },
    "1391": {
        "ln": "Unknown Location",
        "sn": "Unknown Location"
    },
    "1392": {
        "ln": "Exeter",
        "sn": "Exeter"
    },
    "1393": {
        "ln": "Unknown Location",
        "sn": "Unknown Location"
    },
    "1394": {
        "ln": "Felixstowe",
        "sn": "Felixstowe"
    },
    "1395": {
        "ln": "Budleigh Salterton, Exmouth",
        "sn": "Budleigh Salterton"
    },
    "1396": {
        "ln": "Unknown Location",
        "sn": "Unknown Location"
    },
    "1397": {
        "ln": "Fort William",
        "sn": "Fort William"
    },
    "1398": {
        "ln": "Dulverton, Exmoor",
        "sn": "Dulverton"
    },
    "1399": {
        "ln": "Unknown Location",
        "sn": "Unknown Location"
    },
    "1400": {
        "ln": "Honington",
        "sn": "Honington"
    },
    "1401": {
        "ln": "Unknown Location",
        "sn": "Unknown Location"
    },
    "1402": {
        "ln": "Unknown Location",
        "sn": "Unknown Location"
    },
    "1403": {
        "ln": "Horsham",
        "sn": "Horsham"
    },
    "1404": {
        "ln": "Honiton",
        "sn": "Honiton"
    },
    "1405": {
        "ln": "Goole",
        "sn": "Goole"
    },
    "1406": {
        "ln": "Holbeach",
        "sn": "Holbeach"
    },
    "1407": {
        "ln": "Holyhead",
        "sn": "Holyhead"
    },
    "1408": {
        "ln": "Golspie",
        "sn": "Golspie"
    },
    "1409": {
        "ln": "Holsworthy",
        "sn": "Holsworthy"
    },
    "141": {
        "ln": "Glasgow",
        "sn": "Glasgow"
    },
    "1420": {
        "ln": "Alton",
        "sn": "Alton"
    },
    "1421": {
        "ln": "Unknown Location",
        "sn": "Unknown Location"
    },
    "1422": {
        "ln": "Halifax",
        "sn": "Halifax"
    },
    "1423": {
        "ln": "Boroughbridge, Harrogate",
        "sn": "Boroughbridge"
    },
    "1424": {
        "ln": "Hastings",
        "sn": "Hastings"
    },
    "1425": {
        "ln": "Ringwood, Highcliffe, New Milton, Ashley",
        "sn": "Ringwood"
    },
    "1426": {
        "ln": "Unknown Location",
        "sn": "Unknown Location"
    },
    "1427": {
        "ln": "Gainsborough",
        "sn": "Gainsborough"
    },
    "1428": {
        "ln": "Haslemere",
        "sn": "Haslemere"
    },
    "1429": {
        "ln": "Hartlepool",
        "sn": "Hartlepool"
    },
    "1430": {
        "ln": "Market Weighton, North Cave, Howden",
        "sn": "Market Weighton"
    },
    "1431": {
        "ln": "Helmsdale",
        "sn": "Helmsdale"
    },
    "1432": {
        "ln": "Hereford",
        "sn": "Hereford"
    },
    "1433": {
        "ln": "Hathersage",
        "sn": "Hathersage"
    },
    "1434": {
        "ln": "Bellingham, Haltwhistle, Hexham",
        "sn": "Bellingham"
    },
    "1435": {
        "ln": "Heathfield",
        "sn": "Heathfield"
    },
    "1436": {
        "ln": "Helensburgh",
        "sn": "Helensburgh"
    },
    "1437": {
        "ln": "Clynderwen, Haverfordwest",
        "sn": "Clynderwen"
    },
    "1438": {
        "ln": "Stevenage, Hertfordshire",
        "sn": "Stevenage"
    },
    "1439": {
        "ln": "Helmsley",
        "sn": "Helmsley"
    },
    "1440": {
        "ln": "Haverhill",
        "sn": "Haverhill"
    },
    "1441": {
        "ln": "Unknown Location",
        "sn": "Unknown Location"
    },
    "1442": {
        "ln": "Hemel Hempstead",
        "sn": "Hemel"
    },
    "1443": {
        "ln": "Pontypridd, Glamorgan",
        "sn": "Pontypridd"
    },
    "1444": {
        "ln": "Haywards Heath, Burgess Hill",
        "sn": "Haywards Heath"
    },
    "1445": {
        "ln": "Gairloch",
        "sn": "Gairloch"
    },
    "1446": {
        "ln": "Barry, Glamorgan",
        "sn": "Barry"
    },
    "1447": {
        "ln": "Unknown Location",
        "sn": "Unknown Location"
    },
    "1448": {
        "ln": "Unknown Location",
        "sn": "Unknown Location"
    },
    "1449": {
        "ln": "Stowmarket, Gipping",
        "sn": "Stowmarket"
    },
    "1450": {
        "ln": "Hawick",
        "sn": "Hawick"
    },
    "1451": {
        "ln": "Stow-on-the-Wold, Gloucestershire",
        "sn": "Stow-on-the-Wold"
    },
    "1452": {
        "ln": "Gloucester",
        "sn": "Gloucester"
    },
    "1453": {
        "ln": "Dursley, Gloucestershire",
        "sn": "Dursley"
    },
    "1454": {
        "ln": "Chipping Sodbury, Gloucestershire",
        "sn": "Chipping Sodbury"
    },
    "1455": {
        "ln": "Hinckley",
        "sn": "Hinckley"
    },
    "1456": {
        "ln": "Glenurquhart",
        "sn": "Glenurquhart"
    },
    "1457": {
        "ln": "Glossop",
        "sn": "Glossop"
    },
    "1458": {
        "ln": "Glastonbury",
        "sn": "Glastonbury"
    },
    "1459": {
        "ln": "Unknown Location",
        "sn": "Unknown Location"
    },
    "1460": {
        "ln": "Chard, Ilminster",
        "sn": "Chard"
    },
    "1461": {
        "ln": "Gretna",
        "sn": "Gretna"
    },
    "1462": {
        "ln": "Hitchin",
        "sn": "Hitchin"
    },
    "1463": {
        "ln": "Inverness",
        "sn": "Inverness"
    },
    "1464": {
        "ln": "Insch",
        "sn": "Insch"
    },
    "1465": {
        "ln": "Girvan",
        "sn": "Girvan"
    },
    "1466": {
        "ln": "Huntly",
        "sn": "Huntly"
    },
    "1467": {
        "ln": "Inverurie",
        "sn": "Inverurie"
    },
    "1468": {
        "ln": "Unknown Location",
        "sn": "Unknown Location"
    },
    "1469": {
        "ln": "Killingholme, Immingham",
        "sn": "Killingholme"
    },
    "1470": {
        "ln": "Edinbane, Isle of Skye",
        "sn": "Edinbane"
    },
    "1471": {
        "ln": "Broadford, Isle of Skye",
        "sn": "Broadford"
    },
    "1472": {
        "ln": "Grimsby",
        "sn": "Grimsby"
    },
    "1473": {
        "ln": "Ipswich",
        "sn": "Ipswich"
    },
    "1474": {
        "ln": "Gravesend",
        "sn": "Gravesend"
    },
    "1475": {
        "ln": "Greenock",
        "sn": "Greenock"
    },
    "1476": {
        "ln": "Grantham",
        "sn": "Grantham"
    },
    "1477": {
        "ln": "Holmes Chapel",
        "sn": "Holmes Chapel"
    },
    "1478": {
        "ln": "Portree, Isle of Skye",
        "sn": "Portree"
    },
    "1479": {
        "ln": "Grantown-on-Spey",
        "sn": "Grantown-on-Spey"
    },
    "1480": {
        "ln": "Huntingdon",
        "sn": "Huntingdon"
    },
    "1481": {
        "ln": "Guernsey",
        "sn": "Guernsey"
    },
    "1482": {
        "ln": "Hull",
        "sn": "Hull"
    },
    "1483": {
        "ln": "Guildford",
        "sn": "Guildford"
    },
    "1484": {
        "ln": "Huddersfield",
        "sn": "Huddersfield"
    },
    "1485": {
        "ln": "Hunstanton",
        "sn": "Hunstanton"
    },
    "1487": {
        "ln": "Warboys, Huntingdon",
        "sn": "Warboys"
    },
    "1488": {
        "ln": "Hungerford",
        "sn": "Hungerford"
    },
    "1489": {
        "ln": "Bishop's Waltham, Hamble Valley",
        "sn": "Bishop's Waltham"
    },
    "1490": {
        "ln": "Corwen, Gwynedd",
        "sn": "Corwen"
    },
    "1491": {
        "ln": "Henley-on-Thames",
        "sn": "Henley-on-Thames"
    },
    "1492": {
        "ln": "Colwyn Bay, Gwynedd",
        "sn": "Colwyn Bay"
    },
    "1493": {
        "ln": "Great Yarmouth",
        "sn": "Great Yarmouth"
    },
    "1494": {
        "ln": "High Wycombe",
        "sn": "High Wycombe"
    },
    "1495": {
        "ln": "Pontypool, Gwent",
        "sn": "Pontypool"
    },
    "1496": {
        "ln": "Port Ellen, Islay",
        "sn": "Port Ellen"
    },
    "1497": {
        "ln": "Hay-on-Wye",
        "sn": "Hay-on-Wye"
    },
    "1498": {
        "ln": "Unknown Location",
        "sn": "Unknown Location"
    },
    "1499": {
        "ln": "Inveraray",
        "sn": "Inveraray"
    },
    "1500": {
        "ln": "Unknown Location",
        "sn": "Unknown Location"
    },
    "1501": {
        "ln": "Harthill, Lothian",
        "sn": "Harthill"
    },
    "1502": {
        "ln": "Lowestoft",
        "sn": "Lowestoft"
    },
    "1503": {
        "ln": "Looe",
        "sn": "Looe"
    },
    "1504": {
        "ln": "Unknown Location",
        "sn": "Unknown Location"
    },
    "1505": {
        "ln": "Johnstone",
        "sn": "Johnstone"
    },
    "1506": {
        "ln": "Bathgate, Lothian",
        "sn": "Bathgate"
    },
    "1507": {
        "ln": "Alford, Louth and Spilsby",
        "sn": "Alford"
    },
    "1508": {
        "ln": "Brooke",
        "sn": "Brooke"
    },
    "1509": {
        "ln": "Loughborough",
        "sn": "Loughborough"
    },
    "151": {
        "ln": "Liverpool",
        "sn": "Liverpool"
    },
    "1520": {
        "ln": "Lochcarron",
        "sn": "Lochcarron"
    },
    "1521": {
        "ln": "Unknown Location",
        "sn": "Unknown Location"
    },
    "1522": {
        "ln": "Lincoln",
        "sn": "Lincoln"
    },
    "1523": {
        "ln": "Unknown Location",
        "sn": "Unknown Location"
    },
    "15240": {
        "ln": "Lancaster",
        "sn": "Lancaster"
    },
    "15241": {
        "ln": "Lancaster",
        "sn": "Lancaster"
    },
    "15242": {
        "ln": "Hornby-with-Farleton",
        "sn": "Hornby-with-Farleton"
    },
    "15243": {
        "ln": "Lancaster",
        "sn": "Lancaster"
    },
    "15244": {
        "ln": "Lancaster",
        "sn": "Lancaster"
    },
    "15245": {
        "ln": "Lancaster",
        "sn": "Lancaster"
    },
    "15246": {
        "ln": "Lancaster",
        "sn": "Lancaster"
    },
    "15247": {
        "ln": "Lancaster",
        "sn": "Lancaster"
    },
    "15248": {
        "ln": "Lancaster",
        "sn": "Lancaster"
    },
    "15249": {
        "ln": "Lancaster",
        "sn": "Lancaster"
    },
    "1525": {
        "ln": "Leighton Buzzard",
        "sn": "Leighton Buzzard"
    },
    "1526": {
        "ln": "Martin, Lincolnshire",
        "sn": "Martin"
    },
    "1527": {
        "ln": "Redditch",
        "sn": "Redditch"
    },
    "1528": {
        "ln": "Laggan, Badenoch",
        "sn": "Laggan"
    },
    "1529": {
        "ln": "Sleaford, Lincolnshire",
        "sn": "Sleaford"
    },
    "1530": {
        "ln": "Coalville, Ashby-de-la-Zouch Leicestershire",
        "sn": "Coalville"
    },
    "1531": {
        "ln": "Ledbury",
        "sn": "Ledbury"
    },
    "1532": {
        "ln": "Unknown Location",
        "sn": "Unknown Location"
    },
    "1533": {
        "ln": "Unknown Location",
        "sn": "Unknown Location"
    },
    "1534": {
        "ln": "Jersey",
        "sn": "Jersey"
    },
    "1535": {
        "ln": "Keighley",
        "sn": "Keighley"
    },
    "1536": {
        "ln": "Kettering",
        "sn": "Kettering"
    },
    "1537": {
        "ln": "Unknown Location",
        "sn": "Unknown Location"
    },
    "1538": {
        "ln": "Ipstones, Leek",
        "sn": "Ipstones"
    },
    "15390": {
        "ln": "Kendal",
        "sn": "Kendal"
    },
    "15391": {
        "ln": "Kendal",
        "sn": "Kendal"
    },
    "15392": {
        "ln": "Kendal",
        "sn": "Kendal"
    },
    "15393": {
        "ln": "Kendal",
        "sn": "Kendal"
    },
    "15394": {
        "ln": "Hawkshead",
        "sn": "Hawkshead"
    },
    "15395": {
        "ln": "Grange-over-Sands",
        "sn": "Grange-over-Sands"
    },
    "15396": {
        "ln": "Sedbergh",
        "sn": "Sedbergh"
    },
    "15397": {
        "ln": "Kendal",
        "sn": "Kendal"
    },
    "15398": {
        "ln": "Kendal",
        "sn": "Kendal"
    },
    "15399": {
        "ln": "Kendal",
        "sn": "Kendal"
    },
    "1540": {
        "ln": "Kingussie",
        "sn": "Kingussie"
    },
    "1541": {
        "ln": "Unknown Location",
        "sn": "Unknown Location"
    },
    "1542": {
        "ln": "Keith",
        "sn": "Keith"
    },
    "1543": {
        "ln": "Cannock, Lichfield",
        "sn": "Cannock"
    },
    "1544": {
        "ln": "Kington",
        "sn": "Kington"
    },
    "1545": {
        "ln": "Llanarth, Ceredigion",
        "sn": "Llanarth"
    },
    "1546": {
        "ln": "Lochgilphead",
        "sn": "Lochgilphead"
    },
    "1547": {
        "ln": "Knighton",
        "sn": "Knighton"
    },
    "1548": {
        "ln": "Kingsbridge",
        "sn": "Kingsbridge"
    },
    "1549": {
        "ln": "Lairg",
        "sn": "Lairg"
    },
    "1550": {
        "ln": "Llandovery",
        "sn": "Llandovery"
    },
    "1551": {
        "ln": "Unknown Location",
        "sn": "Unknown Location"
    },
    "1552": {
        "ln": "Unknown Location",
        "sn": "Unknown Location"
    },
    "1553": {
        "ln": "King's Lynn",
        "sn": "King's Lynn"
    },
    "1554": {
        "ln": "Llanelli",
        "sn": "Llanelli"
    },
    "1555": {
        "ln": "Lanark",
        "sn": "Lanark"
    },
    "1556": {
        "ln": "Castle Douglas, Kirkcudbrightshire",
        "sn": "Castle Douglas"
    },
    "1557": {
        "ln": "Kirkcudbright",
        "sn": "Kirkcudbright"
    },
    "1558": {
        "ln": "Llandeilo",
        "sn": "Llandeilo"
    },
    "1559": {
        "ln": "Llandysul",
        "sn": "Llandysul"
    },
    "1560": {
        "ln": "Moscow, Kilmarnock",
        "sn": "Moscow"
    },
    "1561": {
        "ln": "Laurencekirk",
        "sn": "Laurencekirk"
    },
    "1562": {
        "ln": "Kidderminster",
        "sn": "Kidderminster"
    },
    "1563": {
        "ln": "Kilmarnock",
        "sn": "Kilmarnock"
    },
    "1564": {
        "ln": "Lapworth, Knowle",
        "sn": "Lapworth"
    },
    "1565": {
        "ln": "Knutsford",
        "sn": "Knutsford"
    },
    "1566": {
        "ln": "Launceston",
        "sn": "Launceston"
    },
    "1567": {
        "ln": "Killin",
        "sn": "Killin"
    },
    "1568": {
        "ln": "Leominster",
        "sn": "Leominster"
    },
    "1569": {
        "ln": "Stonehaven, Laurencekirk",
        "sn": "Stonehaven"
    },
    "1570": {
        "ln": "Lampeter",
        "sn": "Lampeter"
    },
    "1571": {
        "ln": "Lochinver",
        "sn": "Lochinver"
    },
    "1572": {
        "ln": "Oakham",
        "sn": "Oakham"
    },
    "1573": {
        "ln": "Kelso",
        "sn": "Kelso"
    },
    "1574": {
        "ln": "Unknown Location",
        "sn": "Unknown Location"
    },
    "1575": {
        "ln": "Kirriemuir",
        "sn": "Kirriemuir"
    },
    "1576": {
        "ln": "Lockerbie",
        "sn": "Lockerbie"
    },
    "1577": {
        "ln": "Kinross",
        "sn": "Kinross"
    },
    "1578": {
        "ln": "Lauder",
        "sn": "Lauder"
    },
    "1579": {
        "ln": "Liskeard",
        "sn": "Liskeard"
    },
    "1580": {
        "ln": "Cranbrook, Kent",
        "sn": "Cranbrook"
    },
    "1581": {
        "ln": "New Luce, Luce",
        "sn": "New Luce"
    },
    "1582": {
        "ln": "Luton",
        "sn": "Luton"
    },
    "1583": {
        "ln": "Carradale, Kintyre",
        "sn": "Carradale"
    },
    "1584": {
        "ln": "Ludlow",
        "sn": "Ludlow"
    },
    "1585": {
        "ln": "was Kesgrave",
        "sn": "was Kesgrave"
    },
    "1586": {
        "ln": "Campbeltown, Kintyre",
        "sn": "Campbeltown"
    },
    "1587": {
        "ln": "Unknown Location",
        "sn": "Unknown Location"
    },
    "1588": {
        "ln": "Bishop's Castle, Ludlow",
        "sn": "Bishop's Castle"
    },
    "1589": {
        "ln": "Unknown Location",
        "sn": "Unknown Location"
    },
    "1590": {
        "ln": "Lymington",
        "sn": "Lymington"
    },
    "1591": {
        "ln": "Llanwrtyd Wells",
        "sn": "Llanwrtyd Wells"
    },
    "1592": {
        "ln": "Kirkcaldy",
        "sn": "Kirkcaldy"
    },
    "1593": {
        "ln": "Lybster",
        "sn": "Lybster"
    },
    "1594": {
        "ln": "Lydney",
        "sn": "Lydney"
    },
    "1595": {
        "ln": "Lerwick, Foula and Fair Isle",
        "sn": "Lerwick"
    },
    "1596": {
        "ln": "Unknown Location",
        "sn": "Unknown Location"
    },
    "1597": {
        "ln": "Llandrindod Wells",
        "sn": "Llandrindod Wells"
    },
    "1598": {
        "ln": "Lynton",
        "sn": "Lynton"
    },
    "1599": {
        "ln": "Kyle",
        "sn": "Kyle"
    },
    "1600": {
        "ln": "Monmouth",
        "sn": "Monmouth"
    },
    "1601": {
        "ln": "Unknown Location",
        "sn": "Unknown Location"
    },
    "1602": {
        "ln": "Unknown Location",
        "sn": "Unknown Location"
    },
    "1603": {
        "ln": "Norwich",
        "sn": "Norwich"
    },
    "1604": {
        "ln": "Northampton",
        "sn": "Northampton"
    },
    "1605": {
        "ln": "Unknown Location",
        "sn": "Unknown Location"
    },
    "1606": {
        "ln": "Northwich",
        "sn": "Northwich"
    },
    "1607": {
        "ln": "Unknown Location",
        "sn": "Unknown Location"
    },
    "1608": {
        "ln": "Chipping Norton",
        "sn": "Chipping Norton"
    },
    "1609": {
        "ln": "Northallerton",
        "sn": "Northallerton"
    },
    "161": {
        "ln": "Manchester",
        "sn": "Manchester"
    },
    "1620": {
        "ln": "North Berwick",
        "sn": "North Berwick"
    },
    "1621": {
        "ln": "Maldon",
        "sn": "Maldon"
    },
    "1622": {
        "ln": "Maidstone",
        "sn": "Maidstone"
    },
    "1623": {
        "ln": "Mansfield",
        "sn": "Mansfield"
    },
    "1624": {
        "ln": "Isle of Man",
        "sn": "Isle of Man"
    },
    "1625": {
        "ln": "Macclesfield",
        "sn": "Macclesfield"
    },
    "1626": {
        "ln": "Newton Abbot",
        "sn": "Newton Abbot"
    },
    "1627": {
        "ln": "Unknown Location",
        "sn": "Unknown Location"
    },
    "1628": {
        "ln": "Maidenhead",
        "sn": "Maidenhead"
    },
    "1629": {
        "ln": "Matlock",
        "sn": "Matlock"
    },
    "1630": {
        "ln": "Market Drayton",
        "sn": "Market Drayton"
    },
    "1631": {
        "ln": "Oban",
        "sn": "Oban"
    },
    "1632": {
        "ln": "Unknown Location",
        "sn": "Unknown Location"
    },
    "1633": {
        "ln": "Newport",
        "sn": "Newport"
    },
    "1634": {
        "ln": "Medway",
        "sn": "Medway"
    },
    "1635": {
        "ln": "Newbury",
        "sn": "Newbury"
    },
    "1636": {
        "ln": "Newark-on-Trent",
        "sn": "Newark-on-Trent"
    },
    "1637": {
        "ln": "Newquay",
        "sn": "Newquay"
    },
    "1638": {
        "ln": "Newmarket",
        "sn": "Newmarket"
    },
    "1639": {
        "ln": "Neath",
        "sn": "Neath"
    },
    "1640": {
        "ln": "Unknown Location",
        "sn": "Unknown Location"
    },
    "1641": {
        "ln": "Strathy, Melvich",
        "sn": "Strathy"
    },
    "1642": {
        "ln": "Middlesbrough",
        "sn": "Middlesbrough"
    },
    "1643": {
        "ln": "Minehead",
        "sn": "Minehead"
    },
    "1644": {
        "ln": "New Galloway",
        "sn": "New Galloway"
    },
    "1645": {
        "ln": "Unknown Location",
        "sn": "Unknown Location"
    },
    "1646": {
        "ln": "Milford Haven",
        "sn": "Milford Haven"
    },
    "1647": {
        "ln": "Moretonhampstead",
        "sn": "Moretonhampstead"
    },
    "1648": {
        "ln": "Unknown Location",
        "sn": "Unknown Location"
    },
    "1649": {
        "ln": "Unknown Location",
        "sn": "Unknown Location"
    },
    "1650": {
        "ln": "Cemmaes Road, Machynlleth",
        "sn": "Cemmaes Road"
    },
    "1651": {
        "ln": "Oldmeldrum",
        "sn": "Oldmeldrum"
    },
    "1652": {
        "ln": "Brigg, North Kelsey",
        "sn": "Brigg"
    },
    "1653": {
        "ln": "Malton",
        "sn": "Malton"
    },
    "1654": {
        "ln": "Machynlleth",
        "sn": "Machynlleth"
    },
    "1655": {
        "ln": "Maybole",
        "sn": "Maybole"
    },
    "1656": {
        "ln": "Bridgend",
        "sn": "Bridgend"
    },
    "1657": {
        "ln": "Unknown Location",
        "sn": "Unknown Location"
    },
    "1658": {
        "ln": "Unknown Location",
        "sn": "Unknown Location"
    },
    "1659": {
        "ln": "Sanquhar, Nithsdale",
        "sn": "Sanquhar"
    },
    "1660": {
        "ln": "Unknown Location",
        "sn": "Unknown Location"
    },
    "1661": {
        "ln": "Prudhoe, Northumberland",
        "sn": "Prudhoe"
    },
    "1662": {
        "ln": "Unknown Location",
        "sn": "Unknown Location"
    },
    "1663": {
        "ln": "New Mills",
        "sn": "New Mills"
    },
    "1664": {
        "ln": "Melton Mowbray",
        "sn": "Melton Mowbray"
    },
    "1665": {
        "ln": "Alnwick, Northumberland",
        "sn": "Alnwick"
    },
    "1666": {
        "ln": "Malmesbury",
        "sn": "Malmesbury"
    },
    "1667": {
        "ln": "Nairn",
        "sn": "Nairn"
    },
    "1668": {
        "ln": "Bamburgh, Northumberland",
        "sn": "Bamburgh"
    },
    "1669": {
        "ln": "Rothbury, Northumberland",
        "sn": "Rothbury"
    },
    "1670": {
        "ln": "Morpeth",
        "sn": "Morpeth"
    },
    "1671": {
        "ln": "Newton Stewart",
        "sn": "Newton Stewart"
    },
    "1672": {
        "ln": "Marlborough",
        "sn": "Marlborough"
    },
    "1673": {
        "ln": "Market Rasen",
        "sn": "Market Rasen"
    },
    "1674": {
        "ln": "Montrose",
        "sn": "Montrose"
    },
    "1675": {
        "ln": "Coleshill, Warwickshire, Meriden",
        "sn": "Coleshill"
    },
    "1676": {
        "ln": "Meriden",
        "sn": "Meriden"
    },
    "1677": {
        "ln": "Bedale, North Riding",
        "sn": "Bedale"
    },
    "1678": {
        "ln": "Bala, Meirionydd",
        "sn": "Bala"
    },
    "1679": {
        "ln": "Unknown Location",
        "sn": "Unknown Location"
    },
    "1680": {
        "ln": "Craignure, Isle of Mull",
        "sn": "Craignure"
    },
    "1681": {
        "ln": "Fionnphort, Isle of Mull",
        "sn": "Fionnphort"
    },
    "1682": {
        "ln": "Unknown Location",
        "sn": "Unknown Location"
    },
    "1683": {
        "ln": "Moffat",
        "sn": "Moffat"
    },
    "1684": {
        "ln": "Malvern",
        "sn": "Malvern"
    },
    "1685": {
        "ln": "Merthyr Tydfil",
        "sn": "Merthyr Tydfil"
    },
    "1686": {
        "ln": "Llanidloes and Newtown",
        "sn": "Llanidloes and Newtown"
    },
    "1687": {
        "ln": "Mallaig",
        "sn": "Mallaig"
    },
    "1688": {
        "ln": "Tobermory, Isle of Mull",
        "sn": "Tobermory"
    },
    "1689": {
        "ln": "Orpington",
        "sn": "Orpington"
    },
    "1690": {
        "ln": "Betws-y-Coed",
        "sn": "Betws-y-Coed"
    },
    "1691": {
        "ln": "Oswestry",
        "sn": "Oswestry"
    },
    "1692": {
        "ln": "North Walsham",
        "sn": "North Walsham"
    },
    "1693": {
        "ln": "Unknown Location",
        "sn": "Unknown Location"
    },
    "1694": {
        "ln": "Church Stretton",
        "sn": "Church Stretton"
    },
    "1695": {
        "ln": "Skelmersdale/Ormskirk",
        "sn": "Skelmersdale/Ormskirk"
    },
    "1696": {
        "ln": "Unknown Location",
        "sn": "Unknown Location"
    },
    "16970": {
        "ln": "Brampton",
        "sn": "Brampton"
    },
    "16971": {
        "ln": "Brampton",
        "sn": "Brampton"
    },
    "16972": {
        "ln": "Brampton",
        "sn": "Brampton"
    },
    "16973": {
        "ln": "Wigton",
        "sn": "Wigton"
    },
    "16974": {
        "ln": "Raughton Head",
        "sn": "Raughton Head"
    },
    "16975": {
        "ln": "Brampton",
        "sn": "Brampton"
    },
    "16976": {
        "ln": "Brampton",
        "sn": "Brampton"
    },
    "16977": {
        "ln": "Hallbankgate/Brampton",
        "sn": "Hallbankgate/Brampton"
    },
    "16978": {
        "ln": "Brampton",
        "sn": "Brampton"
    },
    "16979": {
        "ln": "Brampton",
        "sn": "Brampton"
    },
    "1698": {
        "ln": "Motherwell",
        "sn": "Motherwell"
    },
    "1699": {
        "ln": "Unknown Location",
        "sn": "Unknown Location"
    },
    "1700": {
        "ln": "Rothesay",
        "sn": "Rothesay"
    },
    "1701": {
        "ln": "Unknown Location",
        "sn": "Unknown Location"
    },
    "1702": {
        "ln": "Southend-on-Sea",
        "sn": "Southend-on-Sea"
    },
    "1703": {
        "ln": "Unknown Location",
        "sn": "Unknown Location"
    },
    "1704": {
        "ln": "Southport",
        "sn": "Southport"
    },
    "1705": {
        "ln": "Unknown Location",
        "sn": "Unknown Location"
    },
    "1706": {
        "ln": "Rochdale, Rossendale",
        "sn": "Rochdale"
    },
    "1707": {
        "ln": "Welwyn Hatfield and Potters Bar",
        "sn": "Welwyn Hatfield and Potters Bar"
    },
    "1708": {
        "ln": "Romford",
        "sn": "Romford"
    },
    "1709": {
        "ln": "Rotherham",
        "sn": "Rotherham"
    },
    "1710": {
        "ln": "Unknown Location",
        "sn": "Unknown Location"
    },
    "1711": {
        "ln": "Unknown Location",
        "sn": "Unknown Location"
    },
    "1712": {
        "ln": "Unknown Location",
        "sn": "Unknown Location"
    },
    "1713": {
        "ln": "Unknown Location",
        "sn": "Unknown Location"
    },
    "1714": {
        "ln": "Unknown Location",
        "sn": "Unknown Location"
    },
    "1715": {
        "ln": "Unknown Location",
        "sn": "Unknown Location"
    },
    "1716": {
        "ln": "Unknown Location",
        "sn": "Unknown Location"
    },
    "1717": {
        "ln": "Unknown Location",
        "sn": "Unknown Location"
    },
    "1718": {
        "ln": "Unknown Location",
        "sn": "Unknown Location"
    },
    "1719": {
        "ln": "Unknown Location",
        "sn": "Unknown Location"
    },
    "1720": {
        "ln": "Isles of Scilly",
        "sn": "Isles of Scilly"
    },
    "1721": {
        "ln": "Peebles",
        "sn": "Peebles"
    },
    "1722": {
        "ln": "Salisbury",
        "sn": "Salisbury"
    },
    "1723": {
        "ln": "Scarborough",
        "sn": "Scarborough"
    },
    "1724": {
        "ln": "Scunthorpe",
        "sn": "Scunthorpe"
    },
    "1725": {
        "ln": "Rockbourne",
        "sn": "Rockbourne"
    },
    "1726": {
        "ln": "St Austell",
        "sn": "St Austell"
    },
    "1727": {
        "ln": "St Albans",
        "sn": "St Albans"
    },
    "1728": {
        "ln": "Saxmundham",
        "sn": "Saxmundham"
    },
    "1729": {
        "ln": "Settle, Ribblesdale",
        "sn": "Settle"
    },
    "1730": {
        "ln": "Petersfield",
        "sn": "Petersfield"
    },
    "1731": {
        "ln": "Unknown Location",
        "sn": "Unknown Location"
    },
    "1732": {
        "ln": "Sevenoaks",
        "sn": "Sevenoaks"
    },
    "1733": {
        "ln": "Peterborough",
        "sn": "Peterborough"
    },
    "1734": {
        "ln": "Unknown Location",
        "sn": "Unknown Location"
    },
    "1735": {
        "ln": "Unknown Location",
        "sn": "Unknown Location"
    },
    "1736": {
        "ln": "Penzance",
        "sn": "Penzance"
    },
    "1737": {
        "ln": "Redhill",
        "sn": "Redhill"
    },
    "1738": {
        "ln": "Perth",
        "sn": "Perth"
    },
    "1739": {
        "ln": "Unknown Location",
        "sn": "Unknown Location"
    },
    "1740": {
        "ln": "Sedgefield",
        "sn": "Sedgefield"
    },
    "1741": {
        "ln": "Unknown Location",
        "sn": "Unknown Location"
    },
    "1742": {
        "ln": "Unknown Location",
        "sn": "Unknown Location"
    },
    "1743": {
        "ln": "Shrewsbury",
        "sn": "Shrewsbury"
    },
    "1744": {
        "ln": "St Helens",
        "sn": "St Helens"
    },
    "1745": {
        "ln": "Rhyl",
        "sn": "Rhyl"
    },
    "1746": {
        "ln": "Bridgnorth, Shropshire",
        "sn": "Bridgnorth"
    },
    "1747": {
        "ln": "Shaftesbury",
        "sn": "Shaftesbury"
    },
    "1748": {
        "ln": "Richmond",
        "sn": "Richmond"
    },
    "1749": {
        "ln": "Shepton Mallet",
        "sn": "Shepton Mallet"
    },
    "1750": {
        "ln": "Selkirk",
        "sn": "Selkirk"
    },
    "1751": {
        "ln": "Pickering",
        "sn": "Pickering"
    },
    "1752": {
        "ln": "Plymouth",
        "sn": "Plymouth"
    },
    "1753": {
        "ln": "Slough",
        "sn": "Slough"
    },
    "1754": {
        "ln": "Skegness",
        "sn": "Skegness"
    },
    "1755": {
        "ln": "Unknown Location",
        "sn": "Unknown Location"
    },
    "1756": {
        "ln": "Skipton",
        "sn": "Skipton"
    },
    "1757": {
        "ln": "Selby",
        "sn": "Selby"
    },
    "1758": {
        "ln": "Pwllheli",
        "sn": "Pwllheli"
    },
    "1759": {
        "ln": "Pocklington",
        "sn": "Pocklington"
    },
    "1760": {
        "ln": "Swaffham",
        "sn": "Swaffham"
    },
    "1761": {
        "ln": "Temple Cloud, Somerset",
        "sn": "Temple Cloud"
    },
    "1762": {
        "ln": "Unknown Location",
        "sn": "Unknown Location"
    },
    "1763": {
        "ln": "Royston",
        "sn": "Royston"
    },
    "1764": {
        "ln": "Crieff, Ruthven",
        "sn": "Crieff"
    },
    "1765": {
        "ln": "Ripon",
        "sn": "Ripon"
    },
    "1766": {
        "ln": "Porthmadog",
        "sn": "Porthmadog"
    },
    "1767": {
        "ln": "Sandy",
        "sn": "Sandy"
    },
    "17680": {
        "ln": "Penrith",
        "sn": "Penrith"
    },
    "17683": {
        "ln": "Appleby",
        "sn": "Appleby"
    },
    "17684": {
        "ln": "Pooley Bridge",
        "sn": "Pooley Bridge"
    },
    "17687": {
        "ln": "Keswick",
        "sn": "Keswick"
    },
    "1769": {
        "ln": "South Molton",
        "sn": "South Molton"
    },
    "1770": {
        "ln": "Isle of Arran",
        "sn": "Isle of Arran"
    },
    "1771": {
        "ln": "Maud",
        "sn": "Maud"
    },
    "1772": {
        "ln": "Preston",
        "sn": "Preston"
    },
    "1773": {
        "ln": "Ripley",
        "sn": "Ripley"
    },
    "1774": {
        "ln": "Unknown Location",
        "sn": "Unknown Location"
    },
    "1775": {
        "ln": "Spalding",
        "sn": "Spalding"
    },
    "1776": {
        "ln": "Stranraer",
        "sn": "Stranraer"
    },
    "1777": {
        "ln": "Retford",
        "sn": "Retford"
    },
    "1778": {
        "ln": "Market Deeping/Bourne (Spalding-dependent)",
        "sn": "Market Deeping/Bourne (Spalding-dependent)"
    },
    "1779": {
        "ln": "Peterhead",
        "sn": "Peterhead"
    },
    "1780": {
        "ln": "Stamford",
        "sn": "Stamford"
    },
    "1781": {
        "ln": "Unknown Location",
        "sn": "Unknown Location"
    },
    "1782": {
        "ln": "Stoke on Trent",
        "sn": "Stoke on Trent"
    },
    "1783": {
        "ln": "Unknown Location",
        "sn": "Unknown Location"
    },
    "1784": {
        "ln": "Staines",
        "sn": "Staines"
    },
    "1785": {
        "ln": "Stafford",
        "sn": "Stafford"
    },
    "1786": {
        "ln": "Stirling",
        "sn": "Stirling"
    },
    "1787": {
        "ln": "Sudbury",
        "sn": "Sudbury"
    },
    "1788": {
        "ln": "Rugby",
        "sn": "Rugby"
    },
    "1789": {
        "ln": "Stratford-upon-Avon",
        "sn": "Stratford-upon-Avon"
    },
    "1790": {
        "ln": "Spilsby",
        "sn": "Spilsby"
    },
    "1791": {
        "ln": "Unknown Location",
        "sn": "Unknown Location"
    },
    "1792": {
        "ln": "Swansea",
        "sn": "Swansea"
    },
    "1793": {
        "ln": "Swindon",
        "sn": "Swindon"
    },
    "1794": {
        "ln": "Romsey",
        "sn": "Romsey"
    },
    "1795": {
        "ln": "Sittingbourne, Sheppey",
        "sn": "Sittingbourne"
    },
    "1796": {
        "ln": "Pitlochry",
        "sn": "Pitlochry"
    },
    "1797": {
        "ln": "Rye",
        "sn": "Rye"
    },
    "1798": {
        "ln": "Pulborough, Sussex",
        "sn": "Pulborough"
    },
    "1799": {
        "ln": "Saffron Walden",
        "sn": "Saffron Walden"
    },
    "1800": {
        "ln": "Unknown Location",
        "sn": "Unknown Location"
    },
    "1801": {
        "ln": "Unknown Location",
        "sn": "Unknown Location"
    },
    "1802": {
        "ln": "Unknown Location",
        "sn": "Unknown Location"
    },
    "1803": {
        "ln": "Torquay",
        "sn": "Torquay"
    },
    "1804": {
        "ln": "Unknown Location",
        "sn": "Unknown Location"
    },
    "1805": {
        "ln": "Torrington",
        "sn": "Torrington"
    },
    "1806": {
        "ln": "Voe, Shetland",
        "sn": "Voe"
    },
    "1807": {
        "ln": "Ballindalloch, Tomintoul",
        "sn": "Ballindalloch"
    },
    "1808": {
        "ln": "Tomatin",
        "sn": "Tomatin"
    },
    "1809": {
        "ln": "Tomdoun",
        "sn": "Tomdoun"
    },
    "1810": {
        "ln": "Unknown Location",
        "sn": "Unknown Location"
    },
    "1811": {
        "ln": "Unknown Location",
        "sn": "Unknown Location"
    },
    "1812": {
        "ln": "Unknown Location",
        "sn": "Unknown Location"
    },
    "1813": {
        "ln": "Unknown Location",
        "sn": "Unknown Location"
    },
    "1814": {
        "ln": "Unknown Location",
        "sn": "Unknown Location"
    },
    "1815": {
        "ln": "Unknown Location",
        "sn": "Unknown Location"
    },
    "1816": {
        "ln": "Unknown Location",
        "sn": "Unknown Location"
    },
    "1817": {
        "ln": "Unknown Location",
        "sn": "Unknown Location"
    },
    "1818": {
        "ln": "Unknown Location",
        "sn": "Unknown Location"
    },
    "1819": {
        "ln": "Unknown Location",
        "sn": "Unknown Location"
    },
    "1820": {
        "ln": "Unknown Location",
        "sn": "Unknown Location"
    },
    "1821": {
        "ln": "Kinrossie, Tayside",
        "sn": "Kinrossie"
    },
    "1822": {
        "ln": "Tavistock",
        "sn": "Tavistock"
    },
    "1823": {
        "ln": "Taunton",
        "sn": "Taunton"
    },
    "1824": {
        "ln": "Ruthin, Vale of Clwyd",
        "sn": "Ruthin"
    },
    "1825": {
        "ln": "Uckfield",
        "sn": "Uckfield"
    },
    "1827": {
        "ln": "Tamworth",
        "sn": "Tamworth"
    },
    "1828": {
        "ln": "Coupar Angus, Tayside",
        "sn": "Coupar Angus"
    },
    "1829": {
        "ln": "Tarporley",
        "sn": "Tarporley"
    },
    "1830": {
        "ln": "Kirkwhelpington",
        "sn": "Kirkwhelpington"
    },
    "1831": {
        "ln": "Unknown Location",
        "sn": "Unknown Location"
    },
    "1832": {
        "ln": "Clopton, Oundle",
        "sn": "Clopton"
    },
    "1833": {
        "ln": "Teesdale",
        "sn": "Teesdale"
    },
    "1834": {
        "ln": "Narberth, Tenby",
        "sn": "Narberth"
    },
    "1835": {
        "ln": "St. Boswells",
        "sn": "St. Boswells"
    },
    "1836": {
        "ln": "Unknown Location",
        "sn": "Unknown Location"
    },
    "1837": {
        "ln": "Okehampton",
        "sn": "Okehampton"
    },
    "1838": {
        "ln": "Dalmally, Tyndrum",
        "sn": "Dalmally"
    },
    "1839": {
        "ln": "Unknown Location",
        "sn": "Unknown Location"
    },
    "1840": {
        "ln": "Camelford, Tintagel",
        "sn": "Camelford"
    },
    "1841": {
        "ln": "Newquay",
        "sn": "Newquay"
    },
    "1842": {
        "ln": "Thetford",
        "sn": "Thetford"
    },
    "1843": {
        "ln": "Thanet",
        "sn": "Thanet"
    },
    "1844": {
        "ln": "Thame",
        "sn": "Thame"
    },
    "1845": {
        "ln": "Thirsk",
        "sn": "Thirsk"
    },
    "1846": {
        "ln": "Unknown Location",
        "sn": "Unknown Location"
    },
    "1847": {
        "ln": "Thurso and Tongue",
        "sn": "Thurso and Tongue"
    },
    "1848": {
        "ln": "Thornhill",
        "sn": "Thornhill"
    },
    "1849": {
        "ln": "Unknown Location",
        "sn": "Unknown Location"
    },
    "1850": {
        "ln": "Unknown Location",
        "sn": "Unknown Location"
    },
    "1851": {
        "ln": "Great Bernera and Stornoway",
        "sn": "Great Bernera and Stornoway"
    },
    "1852": {
        "ln": "Kilmelford",
        "sn": "Kilmelford"
    },
    "1853": {
        "ln": "Unknown Location",
        "sn": "Unknown Location"
    },
    "1854": {
        "ln": "Ullapool",
        "sn": "Ullapool"
    },
    "1855": {
        "ln": "Ballachulish",
        "sn": "Ballachulish"
    },
    "1856": {
        "ln": "Orkney",
        "sn": "Orkney"
    },
    "1857": {
        "ln": "Sanday",
        "sn": "Sanday"
    },
    "1858": {
        "ln": "Market Harborough",
        "sn": "Market Harborough"
    },
    "1859": {
        "ln": "Harris",
        "sn": "Harris"
    },
    "1860": {
        "ln": "Unknown Location",
        "sn": "Unknown Location"
    },
    "1861": {
        "ln": "Unknown Location",
        "sn": "Unknown Location"
    },
    "1862": {
        "ln": "Tain",
        "sn": "Tain"
    },
    "1863": {
        "ln": "Ardgay, Tain",
        "sn": "Ardgay"
    },
    "1864": {
        "ln": "Tinto, Abington",
        "sn": "Tinto"
    },
    "1865": {
        "ln": "Oxford",
        "sn": "Oxford"
    },
    "1866": {
        "ln": "Kilchrenan",
        "sn": "Kilchrenan"
    },
    "1867": {
        "ln": "Unknown Location",
        "sn": "Unknown Location"
    },
    "1868": {
        "ln": "Unknown Location",
        "sn": "Unknown Location"
    },
    "1869": {
        "ln": "Bicester, Oxfordshire",
        "sn": "Bicester"
    },
    "1870": {
        "ln": "Isle of Benbecula",
        "sn": "Isle of Benbecula"
    },
    "1871": {
        "ln": "Castlebay",
        "sn": "Castlebay"
    },
    "1872": {
        "ln": "Truro",
        "sn": "Truro"
    },
    "1873": {
        "ln": "Abergavenny, Usk",
        "sn": "Abergavenny"
    },
    "1874": {
        "ln": "Brecon, Usk",
        "sn": "Brecon"
    },
    "1875": {
        "ln": "Tranent",
        "sn": "Tranent"
    },
    "1876": {
        "ln": "Lochmaddy",
        "sn": "Lochmaddy"
    },
    "1877": {
        "ln": "Callander, Trossachs",
        "sn": "Callander"
    },
    "1878": {
        "ln": "Lochboisdale",
        "sn": "Lochboisdale"
    },
    "1879": {
        "ln": "Scarinish, Tiree",
        "sn": "Scarinish"
    },
    "1880": {
        "ln": "Tarbert",
        "sn": "Tarbert"
    },
    "1881": {
        "ln": "Unknown Location",
        "sn": "Unknown Location"
    },
    "1882": {
        "ln": "Kinloch Rannoch, Tummel Bridge",
        "sn": "Kinloch Rannoch"
    },
    "1883": {
        "ln": "Caterham",
        "sn": "Caterham"
    },
    "1884": {
        "ln": "Tiverton",
        "sn": "Tiverton"
    },
    "1885": {
        "ln": "Pencombe",
        "sn": "Pencombe"
    },
    "1886": {
        "ln": "Bromyard, Teme Valley",
        "sn": "Bromyard"
    },
    "1887": {
        "ln": "Aberfeldy, Tay Valley",
        "sn": "Aberfeldy"
    },
    "1888": {
        "ln": "Turriff",
        "sn": "Turriff"
    },
    "1889": {
        "ln": "Uttoxeter",
        "sn": "Uttoxeter"
    },
    "1890": {
        "ln": "Ayton, Berwickshire and Coldstream, Tweed",
        "sn": "Ayton"
    },
    "1891": {
        "ln": "Unknown Location",
        "sn": "Unknown Location"
    },
    "1892": {
        "ln": "Tunbridge Wells",
        "sn": "Tunbridge Wells"
    },
    "1893": {
        "ln": "Unknown Location",
        "sn": "Unknown Location"
    },
    "1894": {
        "ln": "Unknown Location",
        "sn": "Unknown Location"
    },
    "1895": {
        "ln": "Uxbridge",
        "sn": "Uxbridge"
    },
    "1896": {
        "ln": "Galashiels, Tweed",
        "sn": "Galashiels"
    },
    "1897": {
        "ln": "Unknown Location",
        "sn": "Unknown Location"
    },
    "1898": {
        "ln": "Unknown Location",
        "sn": "Unknown Location"
    },
    "1899": {
        "ln": "Biggar, Tweed",
        "sn": "Biggar"
    },
    "1900": {
        "ln": "Workington",
        "sn": "Workington"
    },
    "1901": {
        "ln": "Unknown Location",
        "sn": "Unknown Location"
    },
    "1902": {
        "ln": "Wolverhampton",
        "sn": "Wolverhampton"
    },
    "1903": {
        "ln": "Worthing",
        "sn": "Worthing"
    },
    "1904": {
        "ln": "York",
        "sn": "York"
    },
    "1905": {
        "ln": "Worcester",
        "sn": "Worcester"
    },
    "1906": {
        "ln": "Unknown Location",
        "sn": "Unknown Location"
    },
    "1907": {
        "ln": "Unknown Location",
        "sn": "Unknown Location"
    },
    "1908": {
        "ln": "Milton Keynes, Wolverton",
        "sn": "Milton Keynes"
    },
    "1909": {
        "ln": "Worksop",
        "sn": "Worksop"
    },
    "191": {
        "ln": "Tyne, Wear, Durham",
        "sn": "Tyne"
    },
    "1920": {
        "ln": "Ware",
        "sn": "Ware"
    },
    "1921": {
        "ln": "Unknown Location",
        "sn": "Unknown Location"
    },
    "1922": {
        "ln": "Walsall",
        "sn": "Walsall"
    },
    "1923": {
        "ln": "Watford",
        "sn": "Watford"
    },
    "1924": {
        "ln": "Wakefield",
        "sn": "Wakefield"
    },
    "1925": {
        "ln": "Warrington",
        "sn": "Warrington"
    },
    "1926": {
        "ln": "Warwick",
        "sn": "Warwick"
    },
    "1927": {
        "ln": "Unknown Location",
        "sn": "Unknown Location"
    },
    "1928": {
        "ln": "Runcorn, Warrington",
        "sn": "Runcorn"
    },
    "1929": {
        "ln": "Wareham",
        "sn": "Wareham"
    },
    "1930": {
        "ln": "Unknown Location",
        "sn": "Unknown Location"
    },
    "1931": {
        "ln": "Shap, Westmorland",
        "sn": "Shap"
    },
    "1932": {
        "ln": "Weybridge",
        "sn": "Weybridge"
    },
    "1933": {
        "ln": "Wellingborough",
        "sn": "Wellingborough"
    },
    "1934": {
        "ln": "Weston-super-Mare",
        "sn": "Weston-super-Mare"
    },
    "1935": {
        "ln": "Yeovil",
        "sn": "Yeovil"
    },
    "1936": {
        "ln": "Unknown Location",
        "sn": "Unknown Location"
    },
    "1937": {
        "ln": "Wetherby",
        "sn": "Wetherby"
    },
    "1938": {
        "ln": "Welshpool",
        "sn": "Welshpool"
    },
    "1939": {
        "ln": "Wem",
        "sn": "Wem"
    },
    "1940": {
        "ln": "Unknown Location",
        "sn": "Unknown Location"
    },
    "1941": {
        "ln": "Unknown Location",
        "sn": "Unknown Location"
    },
    "1942": {
        "ln": "Wigan",
        "sn": "Wigan"
    },
    "1943": {
        "ln": "Guiseley, Wharfedale",
        "sn": "Guiseley"
    },
    "1944": {
        "ln": "West Heslerton",
        "sn": "West Heslerton"
    },
    "1945": {
        "ln": "Wisbech",
        "sn": "Wisbech"
    },
    "19461": {
        "ln": "Whitehaven",
        "sn": "Whitehaven"
    },
    "19462": {
        "ln": "Whitehaven",
        "sn": "Whitehaven"
    },
    "19463": {
        "ln": "Whitehaven",
        "sn": "Whitehaven"
    },
    "19464": {
        "ln": "Whitehaven",
        "sn": "Whitehaven"
    },
    "19465": {
        "ln": "Whitehaven",
        "sn": "Whitehaven"
    },
    "19466": {
        "ln": "Whitehaven",
        "sn": "Whitehaven"
    },
    "19467": {
        "ln": "Gosforth",
        "sn": "Gosforth"
    },
    "19468": {
        "ln": "Whitehaven",
        "sn": "Whitehaven"
    },
    "19469": {
        "ln": "Whitehaven",
        "sn": "Whitehaven"
    },
    "1947": {
        "ln": "Whitby",
        "sn": "Whitby"
    },
    "1948": {
        "ln": "Whitchurch",
        "sn": "Whitchurch"
    },
    "1949": {
        "ln": "Whatton",
        "sn": "Whatton"
    },
    "1950": {
        "ln": "Sandwick, Yell",
        "sn": "Sandwick"
    },
    "1951": {
        "ln": "Colonsay",
        "sn": "Colonsay"
    },
    "1952": {
        "ln": "Telford, Wellington",
        "sn": "Telford"
    },
    "1953": {
        "ln": "Wymondham",
        "sn": "Wymondham"
    },
    "1954": {
        "ln": "Madingley, Willingham",
        "sn": "Madingley"
    },
    "1955": {
        "ln": "Wick",
        "sn": "Wick"
    },
    "1956": {
        "ln": "Unknown Location",
        "sn": "Unknown Location"
    },
    "1957": {
        "ln": "Mid Yell, Yell",
        "sn": "Mid Yell"
    },
    "1958": {
        "ln": "Unknown Location",
        "sn": "Unknown Location"
    },
    "1959": {
        "ln": "Westerham, West Kent",
        "sn": "Westerham"
    },
    "1960": {
        "ln": "Unknown Location",
        "sn": "Unknown Location"
    },
    "1961": {
        "ln": "Unknown Location",
        "sn": "Unknown Location"
    },
    "1962": {
        "ln": "Winchester",
        "sn": "Winchester"
    },
    "1963": {
        "ln": "Wincanton",
        "sn": "Wincanton"
    },
    "1964": {
        "ln": "Hornsea and Patrington, Withernsea",
        "sn": "Hornsea and Patrington"
    },
    "1965": {
        "ln": "Unknown Location",
        "sn": "Unknown Location"
    },
    "1966": {
        "ln": "Unknown Location",
        "sn": "Unknown Location"
    },
    "1967": {
        "ln": "Strontian",
        "sn": "Strontian"
    },
    "1968": {
        "ln": "Penicuik, West Linton",
        "sn": "Penicuik"
    },
    "1969": {
        "ln": "Leyburn, Wensleydale",
        "sn": "Leyburn"
    },
    "1970": {
        "ln": "Aberystwyth, Ystwyth",
        "sn": "Aberystwyth"
    },
    "1971": {
        "ln": "Scourie, Wrath",
        "sn": "Scourie"
    },
    "1972": {
        "ln": "Glenborrodale",
        "sn": "Glenborrodale"
    },
    "1973": {
        "ln": "Unknown Location",
        "sn": "Unknown Location"
    },
    "1974": {
        "ln": "Llanon, Ystwyth",
        "sn": "Llanon"
    },
    "1975": {
        "ln": "Alford, Aberdeenshire and Strathdon, Water",
        "sn": "Alford"
    },
    "1976": {
        "ln": "Unknown Location",
        "sn": "Unknown Location"
    },
    "1977": {
        "ln": "Pontefract, West Riding",
        "sn": "Pontefract"
    },
    "1978": {
        "ln": "Wrexham",
        "sn": "Wrexham"
    },
    "1979": {
        "ln": "Unknown Location",
        "sn": "Unknown Location"
    },
    "1980": {
        "ln": "Amesbury, Wiltshire",
        "sn": "Amesbury"
    },
    "1981": {
        "ln": "Wormbridge",
        "sn": "Wormbridge"
    },
    "1982": {
        "ln": "Builth Wells",
        "sn": "Builth Wells"
    },
    "1983": {
        "ln": "Isle of Wight",
        "sn": "Isle of Wight"
    },
    "1984": {
        "ln": "Watchet",
        "sn": "Watchet"
    },
    "1985": {
        "ln": "Warminster",
        "sn": "Warminster"
    },
    "1986": {
        "ln": "Bungay, Waveney",
        "sn": "Bungay"
    },
    "1987": {
        "ln": "Ebbsfleet",
        "sn": "Ebbsfleet"
    },
    "1988": {
        "ln": "Wigtown",
        "sn": "Wigtown"
    },
    "1989": {
        "ln": "Ross on Wye, Wye",
        "sn": "Ross on Wye"
    },
    "1990": {
        "ln": "Unknown Location",
        "sn": "Unknown Location"
    },
    "1991": {
        "ln": "Unknown Location",
        "sn": "Unknown Location"
    },
    "1992": {
        "ln": "Lea Valley, Waltham X",
        "sn": "Lea Valley"
    },
    "1993": {
        "ln": "Witney",
        "sn": "Witney"
    },
    "1994": {
        "ln": "St Clears, West Wales",
        "sn": "St Clears"
    },
    "1995": {
        "ln": "Garstang, Wyre",
        "sn": "Garstang"
    },
    "1996": {
        "ln": "Unknown Location",
        "sn": "Unknown Location"
    },
    "1997": {
        "ln": "Strathpeffer, Wyvis",
        "sn": "Strathpeffer"
    },
    "1998": {
        "ln": "Unknown Location",
        "sn": "Unknown Location"
    },
    "1999": {
        "ln": "Unknown Location",
        "sn": "Unknown Location"
    },
    "20": {
        "ln": "London",
        "sn": "London"
    },
    "23": {
        "ln": "Southampton, Portsmouth",
        "sn": "Southampton"
    },
    "24": {
        "ln": "Coventry",
        "sn": "Coventry"
    },
    "28": {
        "ln": "Northern Ireland",
        "sn": "Northern Ireland"
    },
    "29": {
        "ln": "Cardiff",
        "sn": "Cardiff"
    }
}
