// taken from http://en.wikipedia.org/wiki/Telephone_numbers_in_Brazil

^+	plus
^0	trunk
^*	vsc
^#	vsc
^.	start

^1	service
^100	service	Human Rights Secretariat
^128	service	standard emergency number in Mercosul
^181	service	anonymous crime tip (some areas only, others may use different, more miscellaneous numbers)
^190	service	military police
^191	service	Federal Highway Police
^192	service	ambulance
^193	service	firefighters
^194	service	federal police
^197	service	civil police
^198	service	state highway patrol
^199	service	civil defense

// long distance calls must select particular carriers
^021	cic	Aerotech
^012	cic	CTBC Telecom
^014	cic	Oi (Brasil Telecom)
^015	cic	Vivo (Telefonica)
^021	cic	Claro (Embratel)
^023	cic	Intelig (TIM)
^025	cic	GVT
^031	cic	Oi (formerly Telemar)
^032	cic	Convergia
^041	cic	TIM
^043	cic	Sercomtel

// international calls with particular carriers
^0021	idd	Aerotech
^0012	idd	CTBC Telecom
^0014	idd	Oi (Brasil Telecom)
^0015	idd	Vivo (Telefonica)
^0021	idd	Claro (Embratel)
^0023	idd	Intelig (TIM)
^0025	idd	GVT
^0031	idd	Oi (formerly Telemar)
^0032	idd	Convergia
^0041	idd	TIM
^0043	idd	Sercomtel

^0300	service	local-rate calls
^0303	service	televoting, charged at local rate
^0500	premium	premium-rate telephone numbers for charity donations, with a maximum of R$ 30.00 per donation (the telephone number is assigned to a donation value) + R$ 0.50 for call costs.
^0800	service	toll-free telephone numbers
^0900	premium	premium-rate telephone numbers

^2	local
^3	local
^4	local
^5	local

^6	cell
^7	cell
^8	cell
^9	cell

^9090	service2	Local Collect Calls

// long distance collect calls with particular carriers
^9021	service3	Aerotech
^9012	service3	CTBC Telecom
^9014	service3	Oi (Brasil Telecom)
^9015	service3	Vivo (Telefonica)
^9021	service3	Claro (Embratel)
^9023	service3	Intelig (TIM)
^9025	service3	GVT
^9031	service3	Oi (formerly Telemar)
^9032	service3	Convergia
^9041	service3	TIM
^9043	service3	Sercomtel

11	area	São Paulo	Greater São Paulo
12	area	Vale do Paraíba	Vale do Paraíba (São José dos Campos, Taubaté, Guaratinguetá) and Northern coast (Ubatuba, São Sebastião)
13	area	Baixada Santista	Baixada Santista (Santos, Guarujá, Cubatão) and South (Registro, Iguape)
14	area	Central São Paulo State	Central São Paulo State (Bauru, Marília, Botucatu)
15	area	Southwest São Paulo State	Southwest São Paulo State (Sorocaba, Itapetininga)
16	area	Northeast São Paulo State	Northeast São Paulo State (Ribeirão Preto, Franca, São Carlos)
17	area	Northwest São Paulo State	Northwest São Paulo State (São José do Rio Preto, Catanduva)
18	area	West São Paulo State	West São Paulo State (Presidente Prudente, Araçatuba)
19	area	Central-South São Paulo State	Central-South São Paulo State (Campinas, Piracicaba, Rio Claro)
21	area	Rio de Janeiro	Greater Rio de Janeiro and Teresópolis
22	area	East and North Rio de Janeiro	East and North Rio de Janeiro (Campos dos Goytacazes, Cabo Frio, Nova Friburgo)
24	area	West Rio de Janeiro	West Rio de Janeiro (Petrópolis, Volta Redonda, Angra dos Reis)
27	area	Central and North Espírito Santo	Central and North Espírito Santo (Vitória, Linhares, Colatina)
28	area	South Minas Gerais State	South Minas Gerais State (Cachoeiro de Itapemirim)
31	area	Central Minas Gerais State	Central Minas Gerais State (Greater Belo Horizonte, Sete Lagoas, Ipatinga)
32	area	Southeast Minas Gerais State	Southeast Minas Gerais State (Juiz de Fora, Muriaé, Barbacena)
33	area	East and Northeast Minas Gerais State	East and Northeast Minas Gerais State (Governador Valadares, Teófilo Otoni, Almenara)
34	area	West Minas Gerais State	West Minas Gerais State (Uberlândia, Uberaba, Patos de Minas)
35	area	Southwest Minas Gerais State	Southwest Minas Gerais State (Poços de Caldas, Varginha, Pouso Alegre)
37	area	Central-West Minas Gerais State	Central-West Minas Gerais State (Divinópolis)
38	area	North Minas Gerais State	North Minas Gerais State (Montes Claros, Diamantina, Paracatu)
41	area	Curitiba	Greater Curitiba and coast (Paranaguá)
42	area	Central-South Paraná State	Central-South Paraná State (Ponta Grossa, Guarapuava)
43	area	Northeast Paraná State	Northeast Paraná State (Londrina, Apucarana)
44	area	Northwest Paraná State	Northwest Paraná State (Maringá, Umuarama)
45	area	West Paraná State	West Paraná State (Foz do Iguaçu, Cascavel)
46	area	Southwest Paraná State	Southwest Paraná State (Francisco Beltrão, Pato Branco)
47	area	Northeast Santa Catarina State	Northeast Santa Catarina State (Joinville, Blumenau, Itajaí)
48	area	Florianópolis	Greater Florianópolis and South (Criciúma, Tubarão)
49	area	Central and West Santa Catarina State	Central and West Santa Catarina State (Lages, Chapecó)
51	area	Porto Alegre	Greater Porto Alegre, Central-South Rio Grande do Sul (Santa Cruz do Sul), Northern coast (Torres)
53	area	South Rio Grande do Sul State	South Rio Grande do Sul State (Pelotas, Rio Grande, Bagé)
54	area	North Rio Grande do Sul State	North Rio Grande do Sul State (Caxias do Sul, Passo Fundo)
55	area	Central and West Rio Grande do Sul State	Central and West Rio Grande do Sul State (Santa Maria, Uruguaiana, Cruz Alta)
61	area	Federal District Brasília	Federal District (Brasília) and surrounding area of Goiás state
61	area	Area surrounding Brasília	Area surrounding Brasília
62	area	Central and North Goiás State	Central and North Goiás State (Greater Goiânia, Anápolis, Porangatu)
64	area	South and West Goiás State	South and West Goiás State (Rio Verde, Itumbiara, Catalão)
63	area	Tocantins State	Tocantins State
65	area	Southwest Mato Grosso State	Southwest Mato Grosso State (Cuiabá, Cáceres)
66	area	East and North Mato Grosso State	East and North Mato Grosso State (Rondonópolis, Sinop)
67	area	Mato Grosso do Sul State	Mato Grosso do Sul State
68	area	Acre State	Acre State
69	area	Rondônia State	Rondônia State
71	area	Salvador	Greater Salvador
73	area	South Bahia State	South Bahia State (Ilhéus, Itabuna, Porto Seguro, Jequié)
74	area	Northwest Bahia State	Northwest Bahia State (Juazeiro, Jacobina)
75	area	Northeast Bahia State	Northeast Bahia State (Feira de Santana, Alagoinhas)
77	area	Southwest and West Bahia State	Southwest and West Bahia State (Vitória da Conquista, Barreiras)
79	area	Sergipe State	Sergipe State
81	area	East Pernambuco State	East Pernambuco State (Greater Recife, Caruaru, Fernando de Noronha)
87	area	Central and West Pernambuco State	Central and West Pernambuco State (Petrolina, Garanhuns)
82	area	Alagoas State	Alagoas State
83	area	Paraíba State	Paraíba State
84	area	Rio Grande do Norte State	Rio Grande do Norte State
85	area	Fortaleza	Greater Fortaleza
88	area	Central, West and South Ceará State	Central, West and South Ceará State (Juazeiro do Norte, Sobral)
86	area	North Piauí State	North Piauí State (Teresina, Parnaíba)
89	area	Central and South Piauí State	Central and South Piauí State (Picos, Floriano)
91	area	Northeast Pará State	Northeast Pará State (Greater Belém, Capanema)
93	area	Central and West Pará State	Central and West Pará State (Santarém, Altamira)
94	area	Southeast Pará State	Southeast Pará State (Marabá, Carajás)
92	area	Northeast Amazonas State	Northeast Amazonas State (Greater Manaus, Itacoatiara, Parintins)
97	area	Central, South and West Amazonas State	Central, South and West Amazonas State (Coari, Tabatinga, Humaitá)
95	area	Roraima State	Roraima State
96	area	Amapá State	Amapá State
98	area	North Maranhão State	North Maranhão State (Greater São Luís, Pinheiro)
99	area	Central and South Maranhão State	Central and South Maranhão State (Imperatriz, Caxias)
