^+	plus

^0	trunk

10	idd

^*	vsc
^#	vsc

^110	emergency	Police
^118	emergency	Maritime emergencies
^119	emergency	Ambulance, Fire brigade
^171	emergency	Earthquake assistance

^100	service	NTT operator
^106	service	Operator assisted collect call service
^108	service	Automated collect call service
^113	service	NTT technical faults hotline
^116	service	NTT customer service and general enquiries

^104	service	NTT national directory enquiries

^114	service	Automated number-busy check
^115	service	Telegram service
^117	service	Speaking clock
^136	service	Information on last incoming call
^177	service	Weather forecast

01	cic	KDDI (international)
033	cic	NTT Communications
036	cic	NTT East
037	cic	Fusion Communications
039	cic	NTT West
041	cic	SoftBank Telecom (international / former Japan Telecom)
053	cic	KDDI (Resold)
056	cic	KDDI (international)
057	service	KDDI international directory enquiries
061	cic	SoftBank Telecom (international / former Cable and Wireless IDC)
066	cic	SoftBank Telecom (international / former Cable and Wireless IDC)
071	cic	Verizon Japan
077	cic	KDDI (national)
080	cic	T-Systems
081	cic	Fusion Communications (former TTNet)
088	cic	SoftBank Telecom (national / former Japan Telecom)
089	cic	T-Systems
091	cic	Brastel

120	service	NTT Freedial, toll free services
130	service	Automated information services
140	service	Disaster relief wireless communications
160	service	Disaster relief satellite communications
170	service	NTT Dengon Dial, chat line services
180	service	NTT Telegong, TV/Radio show feedback dial-in
180	service	NTT Teledome, automated information services
190	service	NTT Angel Line, automated directory services via PC/modem
190	service	NTT Annai Jozu, automated directory services via telephone
570	service	Navi Dial
800	service	Other toll free services
20	service	 Paging services
30	service	 Mobile telephony services (legacy systems, PDC, J-CDMA, UMTS) - currently not used
40	service	 Mobile telephony services (legacy systems, PDC, J-CDMA, UMTS) - currently not used
50	service	 IP telephony service (via internet service providers)
570	service	Navi Dial, non-geographic wireline
60	service	 Universal personal number services
70	service	 Mobile telephony and data services (PHS)
701	service	 Mobile telephony and data services (PDC, J-CDMA, UMTS)
80	service	 Mobile telephony and data services (PDC, J-CDMA, UMTS)
90	service	 Mobile telephony and data services (PDC, J-CDMA, UMTS)
910	service	Private circuit access, local rate services
990	service	NTT DialQ2, premium rate services

070	cell	
080	cell
090	cell

11	area	Sappro
123	area	Chitose, and Yubari and Kuriyama
124	area	Ashibetsu 
125	area	Takigawa 
126	area	Iwamizawa
1235	area	Hokkaidō	Yūbari, Hokkaidō
1237	area	Hokkaidō	Yūbari District, Yūbari, Hokkaidō
1238	area	Hokkaidō	Yūbari District, Hokkaidō
1242	area	Hokkaidō	Ashibetsu, Hokkaidō
1266	area	Hokkaidō	Bibai, Hokkaidō
1267	area	Iwamizawa 
133	area	Ishikari and Tobetsu
1337	area	Hokkaidō	Atsuta District, Hokkaidō
13379	area	Hokkaidō	Hamamasu District, Hokkaidō
134	area	Otaru 
135	area	Yoichi and Iwanai 
136	area	Kutchan and Suttsu 
137	area	Yakumo and Imakane 
1332	area	Hokkaidō	Ishikari District, Hokkaidō
1337	area	Hokkaidō	Atsuta District, Hokkaidō
1372	area	Shikabe
1374	area	Mori
1376	area	Hokkaidō	Yamakoshi District, Hokkaidō
1377	area	Yakumo
1378	area	Hokkaidō	Setana District, Hokkaidō
138	area	Hakodate 
139	area	Matsumae and Esashi
1394	area	Hokkaidō	Matsumae District, Hokkaidō
1395	area	Hokkaidō	Hiyama District, Hokkaidō
1396	area	Hokkaidō	Hiyama District, Nishi District, Hokkaidō
1392	area	Kikonai 
1397	area	Okushiri 
1398	area	Kumaishi 
142	area	Date 
143	area	Muroran 
144	area	Tomakomai
145	area	Hayakita and Mukawa
1452	area	Hokkaidō	Chitose, Tomakomai, Yūfutsu District, Hokkaidō
1454	area	Hokkaidō	Yūfutsu District, Hokkaidō
1456	area	Monbetsutomikawa 
1457	area	Monbetsutomikawa 
146	area	Urakawa and Shizunai
1462	area	Hokkaidō	Urakawa Dßistrict, Hokkaidō
1463	area	Hokkaidō	Mitsuishi District, Samani District, Urakawa District, Hokkaidō
1464	area	Hokkaidō	Niikappu District, Shizunai District, Hokkaidō
1466	area	Erimo 
15	area	Teshikaga and Tokachiikeda 
152	area	Abashiri and Shari and Bihoro
1522	area	Hokkaidō	Shari District, Hokkaidō
1527	area	Hokkaidō	Abashiri District, Hokkaidō
153	area	Akkeshi and Nemuro and Nakashibetsu and Nemuroshibetsu
1532	area	Hokkaidō	Nemuro, Hokkaidō
1537	area	Hokkaidō	Notsuke District, Shibetsu District, Hokkaidō
1538	area	Hokkaidō	Menashi District, Notsuke District, Shibetsu District, Hokkaidō
1548	area	Hokkaidō	Kamikawa District, Hokkaidō
154	area	Kushiro 
1547	area	Shiranuka 
155	area	Obihiro
1557	area	Hokkaidō	Nakagawa District, Tokachi District, Hokkaidō
1558	area	Hiroo 
156	area	Honbetsu and Tokachishimizu
1562	area	Hokkaidō	Ashoro District, Nakagawa District, Hokkaidō
1564	area	Kamishihoro
1566	area	Hokkaidō	Kamikawa District, Katō District, Hokkaidō
157	area	Kitami 
158	area	Monbetsu and Engaru and Okoppe
1582	area	Hokkaidō	Monbetsu, Hokkaidō
1584	area	Hokkaidō	Monbetsu District, Hokkaidō
1586	area	Nakayubetsu
1587	area	Nakayubetsu
1587	area	Hokkaidō	Monbetsu District, Hokkaidō
1588	area	Hokkaidō	Monbetsu District, Hokkaidō
15829	area	Hokkaidō	Monbetsu District, Hokkaidō
162	area	Wakkanai 
163	area	Kitamiesashi and Rishirirebun 
1632	area	Teshio 
1634	area	Hamatonbetsu 
1635	area	Hamatonbetsu
1638	area	Hokkaidō	Rebun District, Rishiri District, Hokkaidō
164	area	Rumoi and Ishikarifukagawa and Haboro
1645	area	Hokkaidō	Rumoi District, Hokkaidō
1646	area	Hokkaidō	Tomamae District, Hokkaidō
1648	area	Yagisiri 
165	area	Shibetsu
1652	area	Hokkaidō	Shibetsu, Hokkaidō
16528	area	Hokkaidō	Kamikawa District, Hokkaidō
1653	area	Hokkaidō	Uryū District, Hokkaidō
1654	area	Nayoro 
1655	area	Nayoro 
1656	area	Bifuka 
1658	area	Kamikawa 
166	area	Asahikawa 
167	area	Furano 
17	area	Aomori 
172	area	Hirosaki 
173	area	Goshogawara and Ajigasawa 
174	area	Kanita 
175	area	Mutsu and Noheji 
176	area	Towada 
178	area	Hachinohe 
179	area	Sannohe 
18	area	Akita 
182	area	Yokote 
183	area	Yuzawa
184	area	Honjo 
185	area	Oga and Noshiro 
186	area	Kazuno and Odate and Takanosu 
187	area	Omagari and Kakunodate
188	area	Akita	Akita, Kawabe District, Minamiakita District, Senboku District, Akita
19	area	Morioka 
191	area	Ichinoseki 
192	area	Ofunato 
193	area	Miyako and Kamaishi 
194	area	Kuji and Iwaizumi 
195	area	Iwate and Ninohe 
197	area	Mizusawa and Kitakami 
198	area	Hanamaki and Tono
22	area	Sendai
220	area	Hasama 
223	area	Iwanuma 
224	area	Ogawara and Shiroishi 
225	area	Ishinomaki 
226	area	Kesennuma 
228	area	Tsukidate 
229	area	Furukawa 
23	area	Yamagata 
233	area	Shinjo 
234	area	Sakata 
235	area	Tsuruoka
236	area	Yamagata	Higashimurayama District, Yamagata
237	area	Sagae and Murayama 
238	area	Yonezawa and Nagai 
24	area	Fukushima and Koriyama
240	area	Iwakitomioka 
241	area	Kitakata and Tajima and Aizuyamaguchi and Yanaizu 
242	area	Aizuwakamatsu 
243	area	Nihonmatsu 
244	area	Haramachi 
246	area	Iwaki 
247	area	Ishikawa and Miharu 
248	area	Sukagawa and Shirakawa 
25	area	Niigata and joetsu and Itoigawa and Yasuzuka and Tokamachi and Muikamachi and Koide 
250	area	Niitsu 
254	area	Shibata and Murakami and Tsugawa
2549	area	Niigata	Higashikanbara District, Niigata 
255	area	Arai
2559	area	Niigata	Higashikubiki District, Niigata
256	area	Maki and Sanjo 
257	area	Kashiwazaki
2579	area	Niigata	Kitauonuma District, Niigata
258	area	Nagaoka 
259	area	Sado 
26	area	Nagano 
260	area	Anancho 
261	area	Omachi 
263	area	Matsumoto 
264	area	Kisofukushima 
265	area	Ina and Iida 
266	area	Suwa 
267	area	Komoro and Saku 
268	area	Ueda 
269	area	Nakano and Iiyama 
27	area	Maebashi and Takasaki 
270	area	Isesaki
273	area	Gunma	Usui District, Gunma
274	area	Tomioka and Fujioka 
276	area	Ota 
277	area	Kiryu 
278	area	Numata 
279	area	Shibukawa and Naganohara 
28	area	Utsunomiya 
280	area	Furukawa 
282	area	Tochigi 
283	area	Sano 
284	area	Ashikaga 
285	area	Mooka and Oyama 
287	area	Kuroiso and Otawara and Karasuyana 
288	area	Imaichi 
289	area	Kanuma 
29	area	Mito and Tsuchiura
291	area	Hokota 
292	area	Ibaraki	Naka District, Ibaraki
293	area	Takahagi 
294	area	Hitachiota 
295	area	Hitachiomiya and Daigo
2955	area	Ibaraki	Higashiibaraki District, Naka District, Ibaraki
2957	area	Ibaraki	Kuji District, Ibaraki
296	area	Kasama and Shimodate 
297	area	Ryugasaki and Mitsukaido
298	area	Ibaraki	Inashiki District, Niihari District, Tsuchiura, Tsukuba, Ushiku, Ibaraki
299	area	Ishioka and Itako 
3	area	Tokyo 
4	area	Tokorozawa and Kashiwa and Kamogawa 
42	area	Kokubunji and Musashinomitaka and Tachikawa and Hachioji and Sagamihara and Hanno 
422	area	Musashinomitaka
423	area	Tokyo	Fuchu, Higashimurayama, Inagi, Kodaira, Koganei, Kokubunji, Tama, Tokyo
424	area	Tokyo	Chōfu, Fuchu, Higashikurume, Hoya, Kiyose, Kodaira, Konoe, Niiza, Saitama, Tanashi, Tokyo
426	area	Tokyo	Hachiōji, Tsukui District, Kanagawa, Tokyo
427	area	Yamanashi	Kawasaki, Machida, Tokyo, Minamitsuru District, Sagamihara, Tsukui District, Yokohama, Zama, Kanagawa, Yamanashi
428	area	Ome
429	area	Saitama	Hannō, Hidaka, Iruma District, Iruma, Sayama, Tokorozawa, Saitama
43	area	Chiba
434	area	Chiba
436	area	Ichikawa 
438	area	Kisarazu 
439	area	Kisarazu 
44	area	Kawasaki 
45	area	Yokohama 
46	area	Atsugi and Yokosuka 
460	area	Odawara 
463	area	Hiratsuka 
465	area	Odawara 
466	area	Fujisawa 
467	area	Fujisawa
468	area	Kanagawa	Miura District, Miura, Yokosuka, Zushi, Kanagawa
47	area	Ichikawa and Funabashi 
470	area	Tateyama and Ohara
474	area	Chiba	Chiba, Funabashi, Inba District, Kamagaya, Narashino, Yachiyo, Chiba 
475	area	Togane and Mobara 
476	area	Narita 
478	area	Sawara 
479	area	Choshi and Youkaichiba 
48	area	Urawa and Kawaguchi and Kumagaya and Soka 
480	area	Kuki
485	area	Saitama	Fukaya, Gyōda, Hanyū, Kitaadachi District, Kitamoto, Kitasaitama District, Konosu, Kumagaya, Nitta District, Gunma, Ōsato District, Saitama
489	area	Saitama	Kitakatsushika District, Koshigaya, Misato, Sōka, Yashio, Yoshikawa, Saitama
49	area	Kawagoe
492	area	Saitama	Fujimi, Hiki District, Iruma District, Kamifukuoka, Kawagoe, Sakado, Tsurugashima, Saitama 
493	area	Higashimatsuyama 
494	area	Chichibu 
495	area	Honjo 
4992	area	Izu oshima 
4994	area	Miyake 
4996	area	Hachijojima 
4998	area	Ogasawara 
52	area	Nagoya 
53	area	Hamamatsu 
531	area	Tahara
5312	area	Aichi	Atsumi District, Aichi
5313	area	Aichi	Atsumi District, Aichi
53145	area	Aichi	Atsumi District, Aichi
532	area	Toyohashi 
533	area	Toyohashi 
536	area	Shinshiro and Shitara
5362	area	Aichi	Shinshiro, Aichi
5363	area	Aichi	Minamishitara District, Aichi
5366	area	Aichi	Kitashitara District, Aichi
5367	area	Aichi	Kitashitara District, Aichi
5368	area	Aichi	Kitashitara District, Aichi
53683	area	Aichi	Kitashitara District, Aichi
537	area	Kakegawa
538	area	Iwata 
539	area	Tenryu 
54	area	Shizuoka
543	area	Shizuoka	Ihara District, Shimizu, Shizuoka 
544	area	Fujinomiya 
545	area	Fuji 
547	area	Shimada 
548	area	Haibara 
55	area	Kofu and Numazu 
550	area	Gotenba 
551	area	Nirasaki
552	area	Yamanashi	Higashiyatsushiro District, Kōfu, Nakakoma District, Nishiyatsushiro District, Yamanashi 
553	area	Yamanashi 
554	area	Otsuki 
555	area	Yoshida 
556	area	Kajikazawaaoyagi and Minobu 
557	area	Ito 
558	area	Syuzenjiohito and Shimoda
559	area	Shizuoka	Mishima, Numazu, Sunto District, Susono, Tagata District, Shizuoka
56	area	Seto
561	area	Aichi	Aichi District, Owariasahi, Seto, Aichi
5613	area	Aichi	Aichi District, Nishikamo District, Aichi
5617	area	Aichi	Aichi District, Nisshin, Aichi
562	area	Owariyokosuka 
563	area	Nishio 
564	area	Okazaki 
565	area	Toyota 
566	area	Kariya 
567	area	Tsushima
5675	area	Aichi	Ama District, Aichi
5679	area	Aichi	Ama District, Aichi 
568	area	Kasugai 
569	area	Handa 
572	area	Tajimi 
573	area	Ena and Nakatsugawa
574	area	Minokamo and Minoshirakawa 
575	area	Seki and Gujoyahata 
576	area	Gero 
5769	area	Shoukawa 
577	area	Takayama 
578	area	Kamioka 
58	area	Gifu 
581	area	Takatomi
58138	area	Gifu	Motosu District, Gifu
58139	area	Gifu	Ibi District, Gifu
58157	area	Gifu	Mugi District, Gifu
58158	area	Gifu	Mugi District, Gifu
583	area	Gifu	Kakamigahara, Gifu
584	area	Ogaki 
585	area	Ibigawa
5958	area	Mie	Kameyama, Mie
5959	area	Mie	Suzuka District, Mie
586	area	Ichinomiya
58689	area	Gifu	Hashima District, Gifu 
587	area	Ichinomiya 
59	area	Tsu and Yokkaichi
593	area	Mie	Mie District, Suzuka, Yokkaichi, Mie
594	area	Kuwana 
595	area	Ueno and Kameyama 
596	area	Ise 
597	area	Owase and Kumano
5972	area	Mie	Owase, Mie
5973	area	Mie	Kitamuro District, Mie
5974	area	Mie	Kitamuro District, Mie
5978	area	Mie	Kumano, Mie
5979	area	Kumano 
598	area	Matsuzaka and Misedani
5983	area	Mie	Taki District, Mie
59832	area	Mie	Iinan District, Mie
5984	area	Mie	Ichishi District, Iinan District, Mie
59849	area	Mie	Taki District, Mie
59856	area	Mie	Ichishi District, Mie
5987	area	Mie	Taki District, Watarai District, Mie
59872	area	Mie	Watarai District, Mie
598	area	Mie	Ichishi District, Matsusaka, Mie
5988	area	Mie	Taki District, Watarai District, 
599	area	Ago
5994	area	Mie	Shima District, Mie
5995	area	Mie	Shima District, Toba, Mie
5996	area	Mie	Watarai District, Mie
5997	area	Mie	Shima District, Mie
5998	area	Mie	Shima District, Mie
6	area	Osaka 
72	area	Neyagawa and Sakai and Kishiwadakaizuka and Ibaraki and Ikeda and Yao 
721	area	Tondabayashi
722	area	Osaka	Sakai, Takaishi, Osaka
723	area	Osaka	Matsubara, Minamikawachi District, Osaka, Ōsakasayama, Tondabayashi, Osaka
724	area	Osaka	Senboku District, Osaka 
725	area	Izumi
726	area	Osaka	Ibaraki, Kyoto, Settsu, Takatsuki, Osaka
727	area	Osaka	Ikeda, Itami, Kawabe District, Kawanishi, Hyōgo, Minoh, Takarazuka, Hyōgo, Toyonaka, Toyono District, Osaka
729	area	Osaka	Fujiidera, Habikino, Higashiōsaka District, Kashiwara, Yao, Osaka 
73	area	Wakayama
734	area	Wakayama	Kainan, Kaiso District, Wakayama
735	area	Shingu and Kushimoto
7354	area	Wakayama	Higashimuro District, Minamimuro District, Mie, Yoshino District, Nara, Wakayama
73549	area	Wakayama	Higashimuro District, Wakayama
7355	area	Wakayama	Higashimuro District, Wakayama
7356	area	Wakayama	Nishimuro District, Wakayama
7357	area	Wakayama	Higashimuro District, Wakayama 
736	area	Iwade and Wakayamahashimoto 
737	area	Yuasa 
738	area	Gobo 
739	area	Tanabe 
740	area	Imazu 
742	area	Nara 
743	area	Nara
7437	area	Osaka	Shijōnawate, Osaka
7439	area	Nara	Soekami District, Soraku District, Kyoto, Nara
74395	area	Kyoto	Soraku District, Kyoto
744	area	Yamatotakada
7443	area	Nara	Shiki District, Nara  
745	area	Yamatotakada and Yamatohaibara 
746	area	Yoshino and Totsukawa
7463	area	Nara	Yoshino District, Nara 
7468	area	Kamikitayama 
747	area	Gojo and Shimoichi
7472	area	Nara	Gojō, Nara
7473	area	Nara	Yoshino District, Nara 
748	area	Yokaichi and Minakuchi 
749	area	Hikone and Nagahama 
75	area	Kyoto 
76	area	Kanazawa and Toyama 
761	area	Kaga
7617	area	Ishikawa	Enuma District, Kaga, Ishikawa
7619	area	Ishikawa	Ishikawa District, Nomi District, Ishikawa 
763	area	Fukuno
764	area	Toyama	Kaminiikawa District, Nakaniikawa District, Namerikawa, Nei District, Toyama, Toyama 
765	area	Uozu 
766	area	Takaoka 
767	area	Nanao and Hakui 
768	area	Wajima and Noto 
77	area	Otsu 
770	area	Tsuruga and Obama 
771	area	Kameoka and Sonobe 
772	area	Miyazu and Mineyama 
773	area	Fukuchiyama and Maizuru 
774	area	Uji
775	area	Kyoto 
776	area	Fukui 
778	area	Takefu 
779	area	Ono
7797	area	Fukui	Asuwa District, Fukui 
78	area	Kobe 
79	area	Himeji and Kakogawa and Mita and Yoka 
790	area	Harimayamasaki and Fukusaki 
791	area	Tatsuno and Aioi
7912	area	Hyōgo	Aioi, Hyōgo
7914	area	Hyōgo	Ako, Hyōgo
7915	area	Hyōgo	Akō District, Hyōgo
792	area	Hyōgo	Himeji, Ibo District, Kanzaki District, Hyōgo
7932	area	Hyōgo	Ibo District, Shikama District, Hyōgo
7933	area	Hyōgo	Shikama District, Hyōgo
794	area	Miki 
795	area	Nishiwaki and Tanbakaibara 
796	area	Toyooka and Hamasaka 
797	area	Nishinomiya 
798	area	Nishinomiya 
799	area	Sumoto and Tsuna 
82	area	Hiroshima and Higashihiroshima 
820	area	Yanai and Kuka
8207	area	Yamaguchi	Ōshima District, Yamaguchi 
823	area	Kure 
824	area	Miyoshi and Shobara
8247	area	Hiroshima	Shōbara, Hiroshima
8248	area	Hiroshima	Hiba District, Hiroshima
82485	area	Hiroshima	Hiba District, Hiroshima
82486	area	Hiroshima	Hiba District, Hiroshima
82488	area	Hiroshima	Kōnu District, Shōbara, Hiroshima 
826	area	Chiyoda and Akiyoshida and Kake
8262	area	Hiroshima	Saeki District, Yamagata District, Hiroshima
827	area	Iwakuni 
829	area	Hatsukaichi 
83	area	Shimonoseki and Yamaguchi
832	area	Yamaguchi	Shimonoseki, Toyora District, Yamaguchi 
833	area	Kudamatsu 
834	area	Tokuyama 
835	area	Hofu 
836	area	Ube 
837	area	Nagato and Mine
8375	area	Yamaguchi	Mine, Yamaguchi
8376	area	Yamaguchi	Mine District, Toyora District, Yamaguchi 
838	area	Hagi
8387	area	Tamagawa 
8388	area	Tamagawa
839	area	Yamaguchi	Yamaguchi, Yoshiki District, Yamaguchi
8395	area	Yamaguchi	Abu District, Yamaguchi 
8396	area	Yamaguti 
84	area	Onomichi and Fukuyama 
845	area	Innoshima
8452	area	Hiroshima	Innoshima, Toyota District, Hiroshima
8466	area	Hiroshima	Toyota District, Hiroshima 
846	area	Takehara and Kinoe 
847	area	Fuchu and Kozan and Tojo
8472	area	Hiroshima	Sera District, Hiroshima
8473	area	Hiroshima	Kamo District, Sera District, Hiroshima
84732	area	Hiroshima	Mitsugi District, Toyota District, Hiroshima
84762	area	Hiroshima	Kōnu District, Hiroshima
84767	area	Hiroshima	Kōnu District, Hiroshima 
8477	area	Tojo
8478	area	Hiroshima	Jinseki District, Hiroshima 
848	area	Onomichi
8487	area	Hiroshima	Mitsugi District, Hiroshima
849	area	Hiroshima	Fukayasu District, Fukuyama, Numakuma District, Hiroshima 
8512	area	Saigo 
8514	area	Ama 
852	area	Matsue 
853	area	Izumo 
854	area	Yasugi and Kisuki and Kakeya and Iwamioda
8548	area	Shimane	Nima District, Ōda, Shimane 
855	area	Hamada and Gotsu and Kawamoto 
856	area	Masuta and Tsuwano
8567	area	Shimane	Kanoashi District, Shimane 
857	area	Tottori 
858	area	Koge and Kurayoshi 
859	area	Yonago and Neu 
86	area	Akaiwa and Kurashiki and Okayama 
863	area	Tamano
8636	area	Okayama	Kojima District, Okayama 
865	area	Kamogata and Kasaoka
8654	area	Okayama	Asakuchi District, Okayama
86542	area	Okayama	Asakuchi District, Okayama 
866	area	Takahashi and Ibara and Soja 
867	area	Niimi and Kamogawa and Kuse 
868	area	Tsuyama and Mimasaka
8687	area	Okayama	Aida District, Katsuta District, Kume District, Okayama 
869	area	Bizen and Oku
8692	area	Okayama	Oku District, Okayama
8695	area	Okayama	Akaiwa District, Kume District, Wake District, Okayama
8699	area	Okayama	Akaiwa District, Okayama
86926	area	Okayama	Oku District, Okayama 
87	area	Takamatsu 
875	area	Kanonji 
877	area	Marugame 
879	area	Sanbonmatsu and Tonosho 
88	area	Tokushima and Kochi 
880	area	Tosanakamura and Sukumo and Kubokawa and Tosashimizu 
883	area	Kamojima and Wakimachi and Awaikeda 
884	area	Anan and Nyudani and Mugi
8846	area	Tokushima	Naka District, Tokushima
8847	area	Tokushima	Kaifu District, Tokushima 
885	area	Komatsushima
8853	area	Tokushima	Komatsushima, Naka District, Tokushima District, Tokushima
8854	area	Tokushima	Katsura District, Tokushima
886	area	Tokushima	Itano District, Komatsushima, Miyoshi District, Myodo District, Myozai District, Naruto, Tokushima 
887	area	Reihoku and Muroto and Aki and Tosayamada
8872	area	Kōchi	Aki District, Muroto, Kōchi
8873	area	Kōchi	Aki District, Aki, Kōchi
8874	area	Kōchi	Aki District, Kōchi
8875	area	Kōchi	Kami District, Nagaoka District, Kōchi 
888	area	Kōchi	Agawa District, Kami District, Kōchi, Nankoku, Susaki, Tosa District, Tosa, Kōchi
889	area	Sakawa and Susaki 
89	area	Matsuyama 
892	area	Kuma 
893	area	Ozu 
894	area	Yawatahama and Uwa 
895	area	Uwajima and Misho 
896	area	Iyomishima 
897	area	Hakata and Nihama 
898	area	Imabari 
92	area	Maebaru and Fukuoka 
920	area	Gonoura and Izuhara and Tsushimasaga
9204	area	Nagasaki	Iki, Nagasaki
9205	area	Nagasaki	Shimoagata District, Nagasaki
9208	area	Nagasaki	Kamiagata District, Nagasaki 
93	area	Kitakyushu 
930	area	Yukuhashi
9302	area	Fukuoka	Miyako District, Fukuoka
93032	area	Fukuoka	Miyako District, Fukuoka
93033	area	Fukuoka	Miyako District, Fukuoka
9304	area	Fukuoka	Miyako District, Fukuoka
9305	area	Fukuoka	Chikujo District, Fukuoka
933	area	Kagoshima	Kawanabe District, Kagoshima 
940	area	Munakata 
942	area	Kurume 
943	area	Yame and Tanushimaru 
944	area	Setaka 
946	area	Amagi 
947	area	Tagawa 
948	area	Iizuka 
949	area	Nogata
9492	area	Fukuoka	Kurate District, Nogata, Fukuoka
9493	area	Fukuoka	Kurate District, Fukuoka 
9496	area	Nogata 
95	area	Nagasaki 
950	area	Hirado 
952	area	Saga 
954	area	Takeo and Kashima
9546	area	Saga	Fujitsu District, Kashima, Kishima District, Saga 
955	area	Karatsu and Imari 
956	area	Sasebo 
957	area	Isahaya and Shimabara 
959	area	Oseto and Fukue and Arikawa 
96	area	Kumamoto 
964	area	Matsubase 
965	area	Yatsushiro 
966	area	Hitoyoshi and Minamata 
967	area	Kumamotoichinomiya and Yabe and Takamori
9676	area	Kumamoto	Aso District, Kumamoto 
968	area	Yamaga and Tamana 
969	area	Amakusa
9697	area	Kumamoto	Amakusa District, Ushibuka, Kumamoto 
97	area	Oita 
972	area	Saeki and Usuki 
973	area	Hita and Kusu
9737	area	Ōita	Kusu District, Ōita 
974	area	Mie and Taketa
975	area	Ōita	Kitaamabe District, Ōita District, Ōita, Ono District, Ōita 
977	area	Beppu 
978	area	Kunisaki and Bungotakada and Kitsuki 
979	area	Nakatsu 
98	area	Naha 
980	area	Nago and Okinawamiyako and Yaeyama 
9802	area	Minamidaito
9807	area	Okinawa	Hirara, Miyako District, Okinawa
9808	area	Okinawa	Ishigaki, Yaeyama District, Okinawa 
982	area	Nobeoka and Hyuga and Takachiho 
983	area	Takanabe 
984	area	Kobayashi 
985	area	Miyazaki 
986	area	Miyakonojo 
987	area	Nichinan 
99	area	Kagoshima and Shibushi 
9912	area	Nakanoshima 
9913	area	Iojima 
993	area	Ibusuki and Kaseda 
994	area	Kanoya and Onejime
9942	area	Kagoshima	Kimotsuki District, Kagoshima 
995	area	Kajiki and Okuchi
9952	area	Kagoshima	Isa District, Okuchi, Kagoshima 
996	area	Izumi and Sendai 
9969	area	Nakakoshiki 
997	area	Naze and Tokunoshima and Tanegashima and Yakushima and Setouchi
9972	area	Kagoshima	Kumage District, Nishinoomote, Kagoshima
9974	area	Kagoshima	Kumage District, Kagoshima
9977	area	Kagoshima	Ōshima District, Kagoshima 