# list taken from http://en.wikipedia.org/wiki/Mobile_Network_Code

00101	area	TEST	Test Network
41201	area	AWCC	Afghan Wireless Communication Company
41220	area	Roshan	Telecom Development Company Afghanistan Ltd.
41240	area	Areeba	MTN Group Afghanistan
41250	area	Etisalat	Etisalat Afghanistan
27601	area	AMC	Albanian Mobile Communications
27602	area	Vodafone	Vodafone Albania
27603	area	Eagle Mobile	Eagle Mobile
60301	area	Mobilis	ATM Mobilis
60302	area	Djezzy	Orascom Telecom Algerie Spa
60303	area	Nedjma	Wataniya Telecom Algerie
21303	area	Mobiland	Servei De Tele. DAndorra
63102	area	UNITEL	UNITEL S.a.r.l.
365010	area	Weblinks Limited	Weblinks Limited
365840	area	Cable & Wireless	Cable & Wireless
344030	area	APUA	Antigua Public Utilities Authority
344920	area	Lime	Cable & Wireless Caribbean Cellular (Antigua) Limited
722010	area	Movistar	Telefonica Móviles Argentina SA
722020	area	Nextel	NII Holdings
722070	area	Movistar	Telefonica Móviles Argentina SA
722310	area	Claro	AMX Argentina S.A
722320	area	Claro	AMX Argentina S.A
722330	area	Claro	AMX Argentina S.A
722340	area	Personal	Telecom Personal SA
722350	area	Hutchinson (PORT HABLE)	Hutchinson (PORT HABLE)
28301	area	Beeline	ArmenTel
28304	area	Karabakh Telecom	Karabakh Telecom
28305	area	VivaCell-MTS	K Telecom CJSC
28310	area	Orange	Orange
36301	area	SETAR	Servicio di Telecomunicacion di Aruba
36302	area	Digicel	Digicel
50501	area	Telstra	Telstra Corporation Limited
50502	area	Optus	Singtel Optus Proprietary Limited
50503	area	Vodafone	Vodafone Hutchison Australia Proprietary Limited
50504	area	Department of Defence	Department of Defence
50505	area	Ozitel	Ozitel
50506	area	Vodafone	Vodafone Hutchison Australia Proprietary Limited
50508	area	One.Tel	One.Tel Limited
50509	area	Airnet	Airnet
50512	area	3	Vodafone Hutchison Australia Proprietary Limited
50513	area	Railcorp	Rail Corporation New South Wales
50514	area	AAPT	Telecom New Zealand
50515	area	3GIS	3GIS
50516	area	Unknown	Unknown
50521	area	SOUL	TPG Telecom Limited
50524	area	Advanced Communications Technologies Pty. Ltd.	Advanced Communications Technologies Pty. Ltd.
50538	area	Crazy John's	Vodafone Hutchison Australia Proprietary Limited
50571	area	Telstra	Telstra Corporation Limited
50572	area	Telstra	Telstra Corporation Limited
50588	area	Localstar Holding Pty. Ltd.	Localstar Holding Pty. Ltd.
50590	area	Optus	Singtel Optus Proprietary Limited
50599	area	One.Tel	One.Tel
23201	area	A1	Mobilkom Austria
23203	area	T-Mobile	T-Mobile Austria
23205	area	Orange	Orange Austria
23207	area	tele.ring	T-Mobile Austria
23210	area	3	Hutchison 3G
23211	area	bob	Mobilkom Austria
23212	area	yesss	yesss
23214	area	3	Hutchison 3G
23215	area	Barablu	Barablu Mobile Ltd.
23216	area	3	Hutchison 3G
40001	area	Azercell	Azercell
40002	area	Bakcell	Bakcell
40003	area	FONEX	CATEL
40004	area	Nar Mobile	Azerfon
364390	area	BaTelCo	The Bahamas Telecommunications Company Ltd
42601	area	Batelco	Bahrain Telecommunications Company
42602	area	zain BH	Zain Bahrain
42604	area	VIVA	Viva Bahrain
47001	area	Grameenphone	GrameenPhone Ltd
47002	area	Robi	Axiata Bangladesh Ltd.
47003	area	Banglalink	Orascom Telecom Holding
47004	area	TeleTalk	TeleTalk
47005	area	Citycell	Citycell
47006	area	Warid	Warid Telecom
47007	area	WTBL	WorldTel Bangladesh Ltd.
342600	area	bmobile	Cable & Wireless Barbados Ltd.
342750	area	Digicel	Digicel (Jamaica) Limited
342820	area	Sunbeach Communications	Sunbeach Communications
25701	area	velcom	velcom
25702	area	MTS	Mobile TeleSystems
25704	area	life:)	Belarussian Telecommunications Network
25703	area	DIALLOG	BelCel
20601	area	Proximus	Belgacom Mobile
20610	area	Mobistar	France Telecom
20620	area	BASE	KPN
70267	area	Belize Telemedia	Belize Telemedia
70268	area	International Telecommunications Ltd.	International Telecommunications Ltd.
61601	area	Libercom	Benin Telecoms Mobile
61602	area	Moov	Telecel Benin
61603	area	MTN	Spacetel Benin
61604	area	BBCOM	Bell Benin Communications
61605	area	Glo	Glo Communication Benin
35001	area	Digicel Bermuda	Telecommunications (Bermuda & West Indies) Ltd
35002	area	Mobility	M3 Wireless
40211	area	B-Mobile	B-Mobile
40277	area	TashiCell	Tashi InfoComm Limited
73601	area	Nuevatel	Nuevatel PCS De Bolivia SA
73602	area	Entel	Entel SA
73603	area	Tigo	Telefonica Celular De Bolivia S.A
21803	area	HT-ERONET	Public Enterprise Croatian Telecom Ltd.
21805	area	m:tel	RS Telecommunications JSC Banja Luka
21890	area	BH Mobile	BH Telecom
65201	area	Mascom	Mascom Wireless (Pty) Limited
65202	area	Orange	Orange (Botswana) Pty Limited
65204	area	BTC Mobile	Botswana Telecommunications Corporation
72402	area	TIM	Telecom Italia Mobile
72403	area	TIM	Telecom Italia Mobile
72404	area	TIM	Telecom Italia Mobile
72405	area	Claro	Claro
72406	area	Vivo	Vivo S.A.
72407	area	CTBC Celular	CTBC Telecom
72408	area	TIM	Telecom Italia Mobile
72410	area	Vivo	Vivo S.A.
72411	area	Vivo	Vivo S.A.
72415	area	Sercomtel	Sercomtel Celular
72416	area	Oi / Brasil Telecom	Brasil Telecom Celular SA
72423	area	Vivo	Vivo S.A.
72424	area	Oi / Amazonia Celular	Amazônia Celular S.A.
72431	area	Oi	TNL PCS
72432	area	CTBC Celular	CTBC Celular S.A.
72433	area	CTBC Celular	CTBC Celular S.A.
72434	area	CTBC Celular	CTBC Celular S.A.
72437	area	aeiou	Unicel do Brasil
72400	area	Nextel	NII Holdings, Inc.
348170	area	Cable & Wireless	Cable & Wireless (West Indies)
348570	area	CCT Boatphone	Caribbean Cellular Telephone
52801	area	Jabatan Telekom	Jabatan Telekom
52802	area	B-Mobile	B-Mobile Communications Sdn Bhd
52811	area	DSTCom	DataStream Technology
28401	area	M-Tel	Mobiltel
28403	area	Vivacom	BTC
28405	area	GLOBUL	Cosmo Bulgaria Mobile
61301	area	Onatel	Onatel
61302	area	Zain	Celtel Burkina Faso
61303	area	Telecel Faso	Telecel Faso SA
64201	area	Spacetel	Econet Wireless Burundi PLC
64202	area	Africell	Africell PLC
64203	area	Telecel	Telecel Burundi Company
64207	area	Smart Mobile	LACELL SU
64282	area	Onatel	Onatel
45601	area	Mobitel	CamGSM
45602	area	hello	Telekom Malaysia International (Cambodia) Co. Ltd
45603	area	S Telecom	S Telecom
45604	area	qb	Cambodia Advance Communications Co. Ltd
45605	area	Star-Cell	APPLIFONE CO. LTD.
45606	area	Smart	Latelz Co., Ltd
45618	area	Mfone	Camshin / Shinawatra
45609	area	Beeline	Sotelco Ltd.
45608	area	Metfone	Viettel
62401	area	MTN Cameroon	Mobile Telephone Network Cameroon Ltd
62402	area	Orange	Orange Cameroun S.A.
302220	area	Telus	Telus Mobility
302221	area	Telus	Telus Mobility
302290	area	Airtel Wireless	Airtel Wireless
302350	area	FIRST	FIRST Networks Operations
302360	area	MiKe	Telus Mobility
302361	area	Telus	Telus Mobility
302370	area	Fido	Fido Solutions (Rogers Wireless)
302380	area	DMTS	Dryden Mobility
302490	area	WIND Mobile	Globalive Communications
302500	area	Videotron	Videotron
302510	area	Videotron	Videotron
302610	area	Bell	Bell Mobility
302620	area	ICE Wireless	ICE Wireless
302640	area	Bell	Bell Mobility
302651	area	Bell	Bell Mobility
302652	area	BC Tel Mobility (Telus)	BC Tel Mobility (Telus)
302653	area	Telus	Telus Mobility
302655	area	MTS	MTS Mobility
302656	area	TBay	Thunder Bay Telephone Mobility
302657	area	Telus	Telus Mobility
302680	area	SaskTel	SaskTel Mobility
302701	area	MB Tel Mobility	MB Tel Mobility
302702	area	MT&T Mobility (Aliant)	MT&T Mobility (Aliant)
302703	area	New Tel Mobility (Aliant)	New Tel Mobility (Aliant)
302710	area	Globalstar	Globalstar
302720	area	Rogers Wireless	Rogers Communications
302780	area	SaskTel	SaskTel Mobility
302880	area	Bell / Telus	Shared Telus and Bell
62501	area	CVMOVEL	CVMovel, S.A.
62502	area	T+	T+
346140	area	Cable & Wireless	Cable & Wireless (Cayman Islands) Limited
62301	area	CTP	Centrafrique Telecom Plus
62302	area	TC	Telecel Centrafrique
62303	area	Orange	Orange RCA
62304	area	Nationlink	Nationlink Telecom RCA
62201	area	Zain	CelTel Tchad SA
62202	area	Tchad Mobile	Tchad Mobile, TAWALI
62203	area	TIGO - Millicom	TIGO - Millicom
62204	area	Salam	Sotel Mobile
73001	area	Entel	Entel Pcs
73002	area	movistar	Movistar Chile
73003	area	Claro	Claro Chile
73004	area	Nextel	Nextel Chile
73010	area	Entel	Entel Telefonica Movil
73099	area	WILL	Will Telefonía
46000	area	China Mobile	China Mobile
46001	area	China Unicom	China Unicom
46002	area	China Mobile	China Mobile
46003	area	China Telecom	China Telecom
46005	area	China Telecom	China Telecom
46006	area	China Unicom	China Unicom
46020	area	China TIETONG	China TIETONG
732001	area	Colombia Telecomunicaciones S.A.	Colombia Telecomunicaciones S.A.
732002	area	Edatel	Edatel S.A.
732101	area	Comcel	Comcel Colombia
732102	area	movistar	Bellsouth Colombia
732103	area	Tigo	Colombia Móvil
732111	area	Tigo	Colombia Móvil
73212	area	movistar	Telefónica Móviles Colombia
65401	area	HURI - SNPT	HURI - SNPT
62901	area	Zain	Celtel Congo
62910	area	Libertis Telecom	MTN CONGO S.A
54801	area	Telecom Cook	Telecom Cook
71201	area	ICE	Instituto Costarricense de Electricidad
71202	area	ICE	Instituto Costarricense de Electricidad
71203	area	ICE	Grupo ICE
21901	area	T-Mobile	T-Mobile Croatia
21902	area	Tele2	Tele2
21910	area	VIPnet	VIPnet
36801	area	CUBACEL	Empresa de Telecomunicaciones de Cuba, SA
28001	area	Cytamobile-Vodafone	Cyprus Telecommunications Auth
28010	area	MTN	Areeba Ltd
23001	area	T-Mobile	T-Mobile Czech Republic
23002	area	O2	Telefónica O2 Czech Republic
23003	area	Vodafone	Vodafone Czech Republic
23004	area	U:fon	MobilKom, a. s.
23098	area	SŽDC s.o.	SŽDC s.o.
23099	area	Vodafone	Vodafone Czech Republic
63001	area	Vodacom	Vodacom Congo RDC sprl
63002	area	Zain	Celtel Congo
63004	area	Cellco	Cellco
63005	area	Supercell	Supercell SPRL
63086	area	CCT	Congo-Chine Telecom s.a.r.l.
63089	area	SAIT Telecom	OASIS SPRL
23801	area	TDC	TDC A/S
23802	area	Telenor	Telenor Denmark
23803	area	MIGway A/S	MIGway A/S
23805	area	ApS KBUS	ApS KBUS
23806	area	3	Hi3G Denmark ApS
23807	area	Barablu Mobile Ltd.	Barablu Mobile Ltd.
23809	area	Dansk Beredskabskommunikation A/S	Dansk Beredskabskommunikation A/S
23810	area	TDC	TDC A/S
23811	area	Dansk Beredskabskommunikation A/S	Dansk Beredskabskommunikation A/S
23812	area	Lycamobile Denmark Ltd	Lycamobile Denmark Ltd
23820	area	Telia	Telia
23830	area	Telia	Telia Nättjänster Norden AB
23840	area	Ericsson Danmark A/S	Ericsson Danmark A/S
23877	area	Telenor	Telenor Denmark
63801	area	Evatis	Djibouti Telecom SA
366020	area	Digicel	Digicel
366110	area	Cable & Wireless	Cable & Wireless
37001	area	Orange	Orange Dominicana
37002	area	Claro	Compañía Dominicana de Teléfonos, C por
37003	area	Tricom	Tricom S.A.
37004	area	Viva	Trilogy Dominicana, S.A.
51402	area	Timor Telecom	Timor Telecom
74000	area	Movistar	Otecel S.A.
74001	area	Porta	América Móvil
74002	area	Alegro	Telecsa S.A.
60201	area	Mobinil	ECMS-Mobinil
60202	area	Vodafone	Vodafone Egypt
60203	area	Etisalat	Etisalat Egypt
70601	area	CTE Telecom Personal	CTE Telecom Personal SA de CV
70602	area	digicel	Digicel Group
70603	area	Telemovil EL Salvador	Telemovil EL Salvador S.A
70604	area	movistar	Telefónica Móviles El Salvador
70610	area	Claro	América Móvil
62701	area	Orange GQ	GETESA
62703	area	Hits GQ	HiTs EG.SA
65701	area	Eritel	Eritrea Telecommunications Services Corporation
24801	area	EMT	Estonian Mobile Telecom
24802	area	Elisa	Elisa Eesti
24803	area	Tele 2	Tele 2 Eesti
24804	area	OY Top Connect	OY Top Connect
24805	area	AS Bravocom Mobiil	AS Bravocom Mobiil
24806	area	OY ViaTel	OY ViaTel
63601	area	ETHMTN	Ethiopian Telecommunications Corporation
28801	area	Faroese Telecom	Faroese Telecom
28802	area	Vodafone	Vodafone Faroe Islands
54201	area	Vodafone	Vodafone Fiji
54202	area	Digicel	Digicel Fiji
24403	area	DNA	DNA Oy
24405	area	Elisa	Elisa Oyj
24407	area	Nokia	Nokia Test Network
24408	area	Unknown	Unknown
24410	area	TDC Oy	TDC Oy
24412	area	DNA	DNA Oy
24414	area	AMT	Ålands Mobiltelefon
24421	area	Saunalahti	Elisa Oyj
24429	area	Scnl Truphone	Scnl Truphone
24491	area	Sonera	TeliaSonera Finland Oyj
20800	area	Orange	France Télécom
20801	area	Orange	France Télécom
20802	area	Orange	France Télécom
20805	area	Globalstar Europe	Globalstar Europe
20806	area	Globalstar Europe	Globalstar Europe
20807	area	Globalstar Europe	Globalstar Europe
20810	area	SFR	Vivendi
20811	area	SFR	Vivendi
20813	area	SFR	Vivendi
20820	area	Bouygues	Bouygues Telecom
20821	area	Bouygues	Bouygues Telecom
20822	area	Transatel Mobile	Transatel
20888	area	Bouygues	Bouygues Telecom
62801	area	Libertis	Libertis S.A.
62802	area	Moov (Telecel) Gabon S.A.	Moov (Telecel) Gabon S.A.
62803	area	Zain	Celtel Gabon S.A.
60701	area	Gamcel	Gamcel
60702	area	Africel	Africel
60703	area	Comium	Comium
60704	area	QCell	QCell Gambia
28201	area	Geocell	Geocell Limited
28202	area	MagtiCom	Magticom GSM
28203	area	Iberiatel	Iberiatel Ltd.
28204	area	Beeline	Mobitel LLC
28967	area	Aquafon	Aquafon
28988	area	A-Mobile	A-Mobile
26201	area	T-Mobile	T-Mobile Deutschland GmbH
26202	area	Vodafone	Vodafone D2 GmbH
26203	area	E-Plus	E-Plus Mobilfunk
26204	area	Vodafone	Vodafone
26205	area	E-Plus	E-Plus Mobilfunk
26206	area	T-Mobile	T-Mobile
26207	area	O2	O2 (Germany) GmbH & Co. OHG
26208	area	O2	O2
26209	area	Vodafone	Vodafone
26210	area	Arcor AG & Co	Arcor AG & Co
26211	area	O2	O2
26212	area	Dolphin Telecom	Dolphin Telecom
26213	area	Mobilcom Multimedia	Mobilcom Multimedia
26214	area	Group 3G UMTS	Group 3G UMTS
26215	area	Airdata	Airdata
26216	area	Vistream	Vistream
26260	area	DB Telematik	DB Telematik
26276	area	Siemens AG	Siemens AG
26277	area	E-Plus	E-Plus
262901	area	Debitel	Debitel
62001	area	MTN	MTN Group
62002	area	Vodafone	Vodafone Group
62003	area	tiGO	Millicom Ghana
62004	area	Kasapa / Hutchison Telecom	Kasapa / Hutchison Telecom
62006	area	Zain	Zain Group
26601	area	GibTel	Gibraltar Telecoms
26606	area	CTS Mobile	CTS Gibraltar
20201	area	Cosmote	COSMOTE - Mobile Telecommunications S.A.
20205	area	Vodafone	Vodafone Greece
20209	area	Wind	Wind Hellas Telecommunications S.A.
20210	area	Wind	Wind Hellas Telecommunications S.A.
29001	area	TELE Greenland A/S	TELE Greenland A/S
352030	area	Digicel	Digicel Grenada Ltd.
352110	area	Cable & Wireless	Cable & Wireless Grenada Ltd.
34001	area	Orange	Orange Caraïbe Mobiles
34002	area	Outremer	Outremer Telecom
34003	area	Telcell	Saint Martin et Saint Barthelemy Telcell Sarl
34008	area	MIO GSM	Dauphin Telecom
310032	area	IT&E Wireless	IT&E Overseas, Inc
310033	area	Guam Telephone Authority	Guam Telephone Authority
310140	area	mPulse	GTA Wireless
310370	area	Guamcell	Guam Cellular & Paging Inc
311250	area	i CAN_GSM	Wave Runner LLC
310470	area	Guamcell	Guam Cellular & Paging Inc
70401	area	Claro	Servicios de Comunicaciones Personales Inalambricas (SERCOM)
70402	area	Comcel / Tigo	Millicom / Local partners
70403	area	movistar	Telefonica Móviles Guatemala (Telefónica)
61101	area	Spacetel	Orange
61102	area	Lagui	Sotelgui Lagui
61103	area	Telecel Guinee	INTERCEL Guinée
61104	area	MTN	Areeba Guinea
63202	area	Areeba	Spacetel Guiné-Bissau S.A.
63203	area	Orange	Orange
73801	area	Digicel	U-Mobile (Cellular) Inc.
73802	area	GT&T Cellink Plus	Guyana Telephone & Telegraph Co.
37201	area	Comcel / Voila	Comcel / Voila
70801	area	Claro	Servicios de Comunicaciones de Honduras S.A. de C.V.
70802	area	Celtel / Tigo	Celtel / Tigo
70830	area	Hondutel	Empresa Hondureña de Telecomunicaciones
70840	area	DIGICEL	Digicel de Honduras
45400	area	1O1O and One2Free	CSL Limited
45401	area	CITIC Telecom 1616	CITIC Telecom 1616
45402	area	CSL Limited	CSL Limited
45403	area	3 (3G)	Hutchison Telecom
45404	area	3 DualBand (2G)	Hutchison Telecom
45405	area	3 CDMA	Hutchison Telecom
45406	area	SmarTone-Vodafone	SmarTone Mobile Communications Limited
45407	area	China Unicom (Hong Kong) Limited	China Unicom (Hong Kong) Limited
45408	area	Trident	Trident
45409	area	China Motion Telecom	China Motion Telecom
45410	area	New World Mobility	CSL Limited
45411	area	China-Hongkong Telecom	China-Hongkong Telecom
45412	area	CMCC HK	China Mobile Hong Kong Company Limited
45414	area	Hutchison Telecom	Hutchison Telecom
45415	area	SmarTone Mobile Communications Limited	SmarTone Mobile Communications Limited
45416	area	PCCW Mobile (2G)	PCCW Limited
45417	area	SmarTone Mobile Communications Limited	SmarTone Mobile Communications Limited
45418	area	CSL Limited	CSL Limited
45419	area	PCCW Mobile (3G)	PCCW Limited
45429	area	PCCW Mobile (CDMA)	PCCW Limited
21601	area	Telenor	Telenor Magyarország Zrt.
21630	area	T-Mobile	Magyar Telekom Plc
21670	area	Vodafone	Vodafone Magyarország Zrt.
27401	area	Siminn	Iceland Telecom
27402	area	Vodafone	Og fjarskipti hf
27403	area	Vodafone	Vodafone Iceland
27404	area	Viking	IMC Island ehf
27406	area	Núll níu ehf	Núll níu ehf
27407	area	IceCell	IceCell ehf
27408	area	On-waves	Iceland Telecom
27411	area	Nova	Nova ehf
40401	area	Vodafone IN	Haryana
40402	area	AirTel	Punjab
40404	area	IDEA	Delhi & NCR
40405	area	Vodafone IN	Gujarat
40407	area	IDEA	Andhra Pradesh
40409	area	Reliance	Assam
40410	area	AirTel	Delhi & NCR
40411	area	Vodafone IN	Delhi & NCR
40412	area	IDEA	Haryana
40413	area	Vodafone IN	Andhra Pradesh
40414	area	IDEA	Punjab
40415	area	Vodafone IN	Uttar Pradesh (East)
40417	area	AIRCEL	West Bengal
40419	area	IDEA	Kerala
40420	area	Vodafone IN	Mumbai
40421	area	Loop Mobile	Mumbai
40422	area	IDEA	Maharashtra & Goa
40424	area	IDEA	Gujarat
40427	area	Vodafone IN	Maharashtra & Goa
40428	area	AIRCEL	Orissa
40429	area	AIRCEL	Assam
40430	area	Vodafone IN	Kolkata
40431	area	AirTel	Kolkata
40434	area	CellOne	Haryana
40436	area	Reliance	Bihar & Jharkhand
40437	area	Aircel	Jammu & Kashmir
40438	area	CellOne	Assam
40441	area	Aircel	Chennai
40442	area	Aircel	Tamil Nadu
40444	area	IDEA	Karnataka
40445	area	Airtel	Karnataka
40451	area	CellOne	Himachal Pradesh
40452	area	Reliance	Orissa
40453	area	CellOne	Punjab
40454	area	CellOne	Uttar Pradesh (West)
40455	area	CellOne	Uttar Pradesh (East)
40456	area	IDEA	Uttar Pradesh (West)
40457	area	CellOne	Gujarat
40458	area	CellOne	Madhya Pradesh & Chhattisgarh
40459	area	CellOne	Rajasthan
40460	area	Vodafone IN	Rajasthan
40462	area	CellOne	Jammu & Kashmir
40464	area	CellOne	Chennai
40466	area	CellOne	Maharashtra & Goa
40467	area	Reliance GSM	Madhya Pradesh & Chhattisgarh
40468	area	DOLPHIN	Delhi & NCR
40469	area	DOLPHIN	Mumbai
40472	area	CellOne	Kerala
40474	area	CellOne	West Bengal
40476	area	CellOne	Orissa
40478	area	Idea Cellular Ltd	Madhya Pradesh & Chattishgarh
40480	area	BSNL MOBILE	Bharat Sanchar Nigam Limited
40481	area	CellOne	Kolkata
40482	area	Idea	Idea
40483	area	Reliance Smart GSM	Kolkata
40484	area	Vodafone IN	Chennai
40485	area	Reliance	West Bengal
40486	area	Vodafone IN	Vodafone Essar South
40490	area	AirTel	Maharashtra & Goa
40491	area	AIRCEL	Kolkata
40492	area	AirTel	Mumbai
40493	area	AirTel	Gujrat
40496	area	AirTel	Haryana
40505	area	Reliance	Delhi & NCR
40510	area	Reliance	Karnataka
40513	area	Reliance	Maharashtra & Goa
405025	area	TATA DOCOMO	Andhra Pradesh
405026	area	TATA DOCOMO	Assam
405027	area	TATA DOCOMO	Bihar/Jharkhand
405029	area	TATA DOCOMO	Delhi
405030	area	TATA DOCOMO	[Gujarat]
405031	area	TATA DOCOMO	[Haryana]
405032	area	TATA DOCOMO	[Himachal Pradesh]
405033	area	TATA DOCOMO	[Jammu & Kashmir]
405034	area	TATA DOCOMO	[Karnataka]
405035	area	TATA DOCOMO	Kerala
405036	area	TATA DOCOMO	Kolkata
405037	area	TATA DOCOMO	Maharashtra & Goa
405038	area	TATA DOCOMO	[Madhya Pradesh]
405039	area	TATA DOCOMO	Mumbai
405041	area	TATA DOCOMO	Orissa
405042	area	TATA DOCOMO	[Punjab]
405043	area	TATA DOCOMO	[Rajasthan]
405044	area	TATA DOCOMO	[Tamil Nadu including Chennai ]
405045	area	TATA DOCOMO	[Uttar Pradesh (E)]
405046	area	TATA DOCOMO	[Uttar Pradesh (W) & Uttarkhand ]
405047	area	TATA DOCOMO	[West Bengal]
40551	area	AirTel	West Bengal
40552	area	AirTel	Bihar & Jharkhand
40554	area	AirTel	Uttar Pradesh (East)
40556	area	AirTel	Assam
40566	area	Vodafone IN	Uttar Pradesh (West)
40570	area	IDEA	Bihar & Jharkhand
405750	area	Vodafone IN	Jammu & Kashmir
405751	area	Vodafone IN	Assam
405752	area	Vodafone IN	Bihar & Jharkhand
405753	area	Vodafone IN	Orissa
405754	area	Vodafone IN	Himachal Pradesh
405755	area	Vodafone IN	North East
405756	area	Vodafone IN	Madhya Pradesh & Chhattisgarh
405799	area	IDEA	Mumbai
405800	area	AIRCEL	Delhi & NCR
405801	area	AIRCEL	Andhra Pradesh
405802	area	AIRCEL	Gujarat
405803	area	AIRCEL	Karnataka
405804	area	AIRCEL	Maharashtra & Goa
405805	area	AIRCEL	Mumbai
405806	area	AIRCEL	Rajasthan
405807	area	AIRCEL	Haryana
405808	area	AIRCEL	Madhya Pradesh
405809	area	AIRCEL	Kerala
405810	area	AIRCEL	Uttar Pradesh (East)
405811	area	AIRCEL	Uttar Pradesh (West)
405812	area	AIRCEL	Punjab
405819	area	Uninor	Andhra Pradesh
405818	area	[Uninor]	Uttar Pradesh (West)
405820	area	Uninor	Karnataka
405821	area	Uninor	Kerala
405822	area	Uninor	Kolkata
405880	area	Uninor	West Bengal
405824	area	Videocon Datacom	Assam
405834	area	Videocon Datacom	Madhya Pradesh
405844	area	Uninor	Delhi & NCR
405845	area	IDEA	Assam
405848	area	IDEA	Kolkata
405850	area	IDEA	Orissa
405855	area	Loop Mobile	Assam
405864	area	Loop Mobile	Kolkata
405865	area	Loop Mobile	Madhya Pradesh
405875	area	Uninor	Assam
405881	area	S Tel	Assam
405912	area	Etisalat DB(cheers)	Andhra Pradesh
405913	area	Etisalat DB(cheers)	Delhi & NCR
405914	area	Etisalat DB(cheers)	Gujarat
405917	area	Etisalat DB(cheers)	Kerala
405927	area	Uninor	Gujarat
405929	area	Uninor	Maharashtra
51000	area	PSN	PT Pasifik Satelit Nusantara (ACeS)
51001	area	INDOSAT	PT Indonesian Satellite Corporation Tbk (INDOSAT)
51003	area	StarOne	PT Indosat Tbk
51007	area	TelkomFlexi	PT Telkom
51008	area	AXIS	PT Natrindo Telepon Seluler
51009	area	SMART	PT Smart Telecom
51010	area	Telkomsel	PT Telekomunikasi Selular
51011	area	XL	PT XL Axiata Tbk
51020	area	TELKOMMobile	PT Telkom Indonesia Tbk
51021	area	IM3	PT Indonesian Satellite Corporation Tbk (INDOSAT)
51027	area	Ceria	PT Sampoerna Telekomunikasi Indonesia
51028	area	Fren/Hepi	PT Mobile-8 Telecom
51089	area	3	PT Hutchison CP Telecommunications
51099	area	Esia	PT Bakrie Telecom
43211	area	MCI	Mobile Communications Company of Iran
43214	area	TKC	KFZO
43219	area	MTCE	Mobile Telecommunications Company of Esfahan
43232	area	Taliya	Taliya
43235	area	Irancell	Irancell Telecommunications Services Company
41820	area	Zain IQ	Zain Iraq
41830	area	Zain IQ	Zain Iraq
41805	area	Asia Cell	Asia Cell Telecommunications Company
41840	area	Korek	Korek Telecom Ltd
41808	area	SanaTel	SanaTel
27201	area	Vodafone	Vodafone Ireland
27202	area	O2	O2 Ireland
27203	area	Meteor	Meteor Mobile Communications
27204	area	Access Telecom	Access Telecom
27205	area	3	Hutchison 3G Ireland limited
27207	area	Eircom	Eircom Mobile
27209	area	Clever Communications	Clever Communications
42501	area	Orange	Partner Communications Company Ltd
42502	area	Cellcom	Cellcom
42503	area	Pelephone	Pelephone
42577	area	Mirs	Mirs
22201	area	TIM	Telecom Italia SpA
22202	area	Elsacom	Elsacom
22210	area	Vodafone	Vodafone Omnitel N.V.
22230	area	RFI	Rete Ferroviaria Italiana
22277	area	IPSE 2000	IPSE 2000
22288	area	Wind	Wind Telecomunicazioni SpA
22298	area	Blu	Blu
22299	area	3 Italia	Hutchison 3G
61201	area	Cora de Comstar	Cora de Comstar
61202	area	Moov	Moov
61203	area	Orange	Orange
61204	area	KoZ	Comium Ivory Coast Inc
61205	area	MTN	MTN
61206	area	ORICEL	ORICEL
338020	area	LIME (formerly known as Cable & Wireless)	Cable & Wireless
338050	area	Digicel	Digicel Jamaica Limited, Digicel Cayman Ltd., Bermuda Digicel, Antigua Wireless Ventures Limited.
338070	area	Claro	Oceanic Digital Jamaica Limited
338180	area	LIME (formerly known as Cable & Wireless)	Cable & Wireless
44000	area	eMobile	EMOBILE Limited
44001	area	NTT docomo	NTT docomo
44002	area	NTT docomo	NTT DoCoMo Kansai
44003	area	NTT docomo	NTT DoCoMo Hokuriku
44004	area	SoftBank	SoftBank Mobile Corp
44006	area	SoftBank	SoftBank Mobile Corp
44007	area	KDDI	KDDI Corporation
44008	area	KDDI	KDDI Corporation
44009	area	NTT docomo	NTT DoCoMo Kansai
44010	area	NTT docomo	NTT DoCoMo Kansai
44011	area	NTT docomo	NTT DoCoMo Tokai
44012	area	NTT docomo	NTT DoCoMo
44013	area	NTT docomo	NTT DoCoMo
44014	area	NTT docomo	NTT DoCoMo Tohoku
44015	area	NTT docomo	NTT DoCoMo
44016	area	NTT docomo	NTT DoCoMo
44017	area	NTT docomo	NTT DoCoMo
44018	area	NTT docomo	NTT DoCoMo Tokai
44019	area	NTT docomo	NTT DoCoMo Hokkaido
44020	area	SoftBank	SoftBank Mobile Corp
44021	area	NTT docomo	NTT DoCoMo
44022	area	NTT docomo	NTT DoCoMo Kansai
44023	area	DoCoMo	NTT DoCoMo Tokai
44024	area	DoCoMo	NTT DoCoMo Chugoku
44025	area	DoCoMo	NTT DoCoMo Hokkaido
44026	area	DoCoMo	NTT DoCoMo Kyushu
44027	area	DoCoMo	NTT DoCoMoTohoku
44028	area	DoCoMo	NTT DoCoMo Shikoku
44029	area	DoCoMo	NTT DoCoMo
44030	area	DoCoMo	NTT DoCoMo
44031	area	DoCoMo	NTT DoCoMo Kansai
44032	area	DoCoMo	NTT DoCoMo
44033	area	DoCoMo	NTT DoCoMo Tokai
44034	area	DoCoMo	NTT DoCoMo Kyushu
44035	area	DoCoMo	NTT DoCoMo Kansai
44036	area	DoCoMo	NTT DoCoMo
44037	area	DoCoMo	NTT DoCoMo
44038	area	DoCoMo	NTT DoCoMo
44039	area	DoCoMo	NTT DoCoMo
44040	area	SoftBank	SoftBank Mobile Corp
44041	area	SoftBank	SoftBank Mobile Corp
44042	area	SoftBank	SoftBank Mobile Corp
44043	area	SoftBank	SoftBank Mobile Corp
44044	area	SoftBank	SoftBank Mobile Corp
44045	area	SoftBank	SoftBank Mobile Corp
44046	area	SoftBank	SoftBank Mobile Corp
44047	area	SoftBank	SoftBank Mobile Corp
44048	area	SoftBank	SoftBank Mobile Corp
44049	area	DoCoMo	NTT DoCoMo
44050	area	KDDI	KDDI Corporation
44051	area	KDDI	KDDI Corporation
44052	area	KDDI	KDDI Corporation
44053	area	KDDI	KDDI Corporation
44054	area	KDDI	KDDI Corporation
44055	area	KDDI	KDDI Corporation
44056	area	KDDI	KDDI Corporation
44058	area	DoCoMo	NTT DoCoMo Kansai
44060	area	DoCoMo	NTT DoCoMo Kansai
44061	area	DoCoMo	NTT DoCoMo Chugoku
44062	area	DoCoMo	NTT DoCoMo Kyushu
44063	area	DoCoMo	NTT DoCoMo
44064	area	DoCoMo	NTT DoCoMo
44065	area	DoCoMo	NTT DoCoMo Shikoku
44066	area	DoCoMo	NTT DoCoMo
44067	area	DoCoMo	NTT DoCoMo Tohoku
44068	area	DoCoMo	NTT DoCoMo Kyushu
44069	area	DoCoMo	NTT DoCoMo
44070	area	au	KDDI Corporation
44071	area	KDDI	KDDI Corporation
44072	area	KDDI	KDDI Corporation
44073	area	KDDI	KDDI Corporation
44074	area	KDDI	KDDI Corporation
44075	area	KDDI	KDDI Corporation
44076	area	KDDI	KDDI Corporation
44077	area	KDDI	KDDI Corporation
44078	area	Okinawa Cellular Telephone	Okinawa Cellular Telephone
44079	area	KDDI	KDDI Corporation
44080	area	TU-KA	TU-KA Cellular Tokyo
44081	area	TU-KA	TU-KA Cellular Tokyo
44082	area	TU-KA	TU-KA Phone Kansai
44083	area	TU-KA	TU-KA Cellular Tokai
44084	area	TU-KA	TU-KA Phone Kansai
44085	area	TU-KA	TU-KA Cellular Tokai
44086	area	TU-KA	TU-KA Cellular Tokyo
44087	area	DoCoMo	NTT DoCoMo Chugoku
44088	area	KDDI	KDDI Corporation
44089	area	KDDI	KDDI Corporation
44090	area	SoftBank	SoftBank Mobile Corp
44092	area	SoftBank	SoftBank Mobile Corp
44093	area	SoftBank	SoftBank Mobile Corp
44094	area	SoftBank	SoftBank Mobile Corp
44095	area	SoftBank	SoftBank Mobile Corp
44096	area	SoftBank	SoftBank Mobile Corp
44097	area	SoftBank	SoftBank Mobile Corp
44098	area	SoftBank	SoftBank Mobile Corp
44099	area	DoCoMo	NTT DoCoMo
41601	area	zain JO	Jordan Mobile Telephone Services
41602	area	XPress Telecom	XPress Telecom
41603	area	Umniah	Umniah
41677	area	Orange	Petra Jordanian Mobile Telecommunications Company (MobileCom)
40101	area	Beeline	KaR-Tel LLP
40102	area	Kcell	GSM Kazakhstan Ltd
40107	area	Dalacom	Dalacom
40177	area	Mobile Telecom Service	Mobile Telecom Service LLP
63902	area	Safaricom	Safaricom Limited
63903	area	Zain	Celtel Kenya Limited
63907	area	Orange Kenya	Telkom Kenya
63905	area	yu	Econet Wireless Kenya
54509	area	Kiribati Frigate	Telecom Services Kiribati Ltd
467193	area	SUN NET	Korea Posts and Telecommunications Corporation
45002	area	KT	KT
45003	area	Power 017	Shinsegi Telecom, Inc.
45004	area	KT	KT
45005	area	SKT	SK Telecom
45006	area	LGT	LG Telecom
45008	area	KT SHOW	KT
21201	area	Vala	PTK - Directory of Post of Kosovo, Monaco Telecom, Z Mobile Dardaphone
29341	area	Mobitel	D3 Mobile Dukagjini, iPKO, Mobitel D.D.
41902	area	zain KW	Zain Kuwait
41903	area	Wataniya	National Mobile Telecommunications
41904	area	Viva	Kuwait Telecommunication Company
43701	area	Beeline	Sky Mobile LLC
43705	area	MegaCom	BiMoCom Ltd
43709	area	O!	NurTelecom LLC
45701	area	LaoTel	Lao Shinawatra Telecom
45702	area	ETL	Enterprise of Telecommunications Lao
45703	area	Unitel	Star Telecom Co., Ltd
45708	area	Tigo	Millicom Lao Co Ltd
24701	area	LMT	Latvian Mobile Telephone
24702	area	Tele2	Tele2
24703	area	TRIATEL	Telekom Baltija
24705	area	Bite	Bite Latvija
24706	area	Rigatta	Rigatta
24707	area	MTS	Master Telecom
24708	area	IZZI	IZZI
24709	area	Camel Mobile	Camel Mobile
41501	area	Alfa	MIC 1
41503	area	MTC-Touch	MIC 2
65101	area	Vodacom	Vodacom Lesotho (Pty) Ltd
65102	area	Econet Ezin-cel	Econet Ezin-cel
61801	area	Lonestar Cell	Lonestar Communications Corporation
61804	area	Comium	Comium Liberia
61820	area	LIBTELCO	Liberia Telecommunications Corporation
60600	area	Libyana	Libyana
60601	area	Madar	Al Madar
29501	area	Swisscom	Swisscom Schweiz AG
29502	area	Orange	Orange Liechtenstein AG
29505	area	FL1	Mobilkom Liechtenstein AG
29577	area	Tele 2	Belgacom
24601	area	Omnitel	Omnitel
24602	area	BITE	UAB Bité Lietuva
24603	area	Tele 2	Tele 2
27001	area	LuxGSM	P&T Luxembourg
27077	area	Tango	Tango SA
27099	area	Orange	Orange S.A.
45500	area	SmarTone	SmarTone Macao
45501	area	CTM	C.T.M. Telemovel+
45502	area	China Telecom	China Telecom
45503	area	3	Hutchison Telecom
45504	area	CTM	C.T.M. Telemovel+
45505	area	3	Hutchison Telecom
29401	area	T-Mobile MK	T-Mobile Macedonia
29402	area	ONE	One
29403	area	Vip MK	VIP Operator
64601	area	Zain	Celtel
64602	area	Orange	Orange Madagascar S.A.
64603	area	Sacel	Sacel Madagascar S.A.
64604	area	Telma	Telma Mobile S.A.
65001	area	TNM	Telecom Network Malawi
65010	area	Zain	Celtel Limited
50212	area	Maxis	Maxis Communications Berhad
50213	area	Celcom	Celcom Malaysia Sdn Bhd
50216	area	DiGi	DiGi Telecommunications
50217	area	Maxis	Maxis Communications Berhad
50218	area	U Mobile	U Mobile Sdn Bhd
50219	area	Celcom	Celcom Malaysia Sdn Bhd
47201	area	Dhiraagu	Dhivehi Raajjeyge Gulhun
47202	area	Wataniya	Wataniya Telecom Maldives
61001	area	Malitel	Malitel SA
61002	area	Orange	Orange Mali SA
27801	area	Vodafone	Vodafone Malta
27821	area	GO	Mobisle Communications Limited
27877	area	Melita	Melita Plc
34020	area	Digicel	DIGICEL Antilles Française Guyane
60901	area	Mattel	Mattel
60910	area	Mauritel	Mauritel Mobiles
61701	area	Orange	Cellplus Mobile Communications Ltd.
61702	area	MTML	Mahanagar Telephone (Mauritius) Ltd.
61710	area	Emtel	Emtel Ltd
33401	area	Nextel	Nextel México
33402	area	Telcel	América Móvil
33403	area	movistar	Pegaso Comunicaciones y Sistemas
33404	area	Iusacell / Unefon	Iusacell / Unefon
55001	area	FSM Telecom	FSM Telecom
25901	area	Orange	Orange Moldova
25902	area	Moldcell	Moldcell
25903	area	IDC	Interdnestrcom, Unité Moldtelecom
25904	area	Eventis	Eventis Telecom
25905	area	Unité	Moldtelecom
42899	area	MobiCom	Mobicom Corporation
42888	area	Unitel	Unitel LLC
42891	area	Skytel	Skytel LLC
42898	area	G.Mobile	G-Mobile LLC
29701	area	Telenor	Telenor Montenegro
29702	area	T-Mobile	T-Mobile Montenegro LLC
29703	area	m:tel CG	MTEL CG
60400	area	Méditel	Medi Telecom
60401	area	IAM	Ittissalat Al Maghrib (Maroc Telecom)
60402	area	INWI	WANA - Groupe ONA
64301	area	mCel	Mocambique Celular S.A.R.L
64304	area	Vodacom	Vodacom Mozambique, S.A.R.L.
41401	area	MPT	Myanmar Post and Telecommunication
64901	area	MTC	MTC Namibia
64902	area	switch	Telecom Namibia
64903	area	Leo	Orascom Telecom Holding
42901	area	Namaste / NT Mobile	Nepal Telecom
42902	area	Ncell	Spice Nepal Pvt. Ltd.
42903	area	Sky/C-Phone	Nepal Telecom
20401	area	OneFoon	OneFoon
20402	area	Tele2	Tele2 Netherlands
20403	area	Blyk	Blyk Netherlands
20404	area	Vodafone	Vodafone Netherlands
20405	area	Elephant Talk	Elephant Talk
20406	area	Barablu Mobile	Barablu Mobile
20407	area	Teleena	Teleena
20408	area	KPN	KPN
20409	area	Lycamobile	Lycamobile
20410	area	KPN	KPN
20412	area	Telfort	KPN
20414	area	6Gmobile	6Gmobile
20416	area	T-Mobile	T-Mobile Netherlands B.V
20418	area	Telfort	KPN
20420	area	Orange Nederland	T-Mobile Netherlands B.V
20421	area	NS Railinfrabeheer B.V.	NS Railinfrabeheer B.V.
20467	area	RadioAccess	RadioAccess
20469	area	KPN Mobile	KPN Mobile
36251	area	Telcell	Telcell N.V.
36269	area	Digicel	Curaçao Telecom N.V.
36291	area	UTS	Setel N.V.
36295	area	MIO	E.O.C.G. Wireless
36294	area	Bayòs	Bòbò Frus N.V.
54601	area	Mobilis	OPT New Caledonia
53000	area	Telecom	Telecom New Zealand
53001	area	Vodafone	Vodafone New Zealand
53002	area	Telecom	Telecom New Zealand
53003	area	Woosh	Woosh Wireless New Zealand
53004	area	TelstraClear	TelstraClear New Zealand
53005	area	XT Mobile Network	Telecom New Zealand
53012	area	360	360 Mobile New Zealand
53024	area	2degrees	2degrees
71021	area	Claro	Empresa Nicaragüense de Telecomunicaciones, S.A.
71030	area	movistar	Telefónica Móviles de Nicaragua S.A.
71073	area	SERCOM	Servicios de Comunicaciones S.A.
61401	area	SahelCom	SahelCom
61402	area	Zain	Celtel Niger
61403	area	Telecel	Telecel Niger SA
61404	area	Orange	Orange Niger
62120	area	Zain	Vee Network Nigeria Ltd.
62130	area	MTN	MTN Nigeria Communications Limited
62140	area	M-Tel	Nigerian Mobile Telecommunications Limited
62150	area	Glo	Globacom Ltd
62160	area	Etisalat	Emerging Markets Telecommunication Services Ltd (Etisalat)
24201	area	Telenor	Telenor
24202	area	NetCom	NetCom GSM
24203	area	Teletopia	Teletopia
24204	area	Tele2	Tele2
24205	area	Network Norway	Network Norway
24206	area	Ice	Nordisk Mobiltelefon
24207	area	Ventelo	Ventelo
24208	area	TDC Mobil AS	TDC Mobil AS
24209	area	Barablu Mobile Norway Ltd	Barablu Mobile Norway Ltd
24220	area	Jernbaneverket AS	Jernbaneverket AS
42202	area	Oman Mobile	Oman Telecommunications Company
42203	area	Nawras	Omani Qatari Telecommunications Company SAOC
41001	area	Mobilink	Mobilink-PMCL
41003	area	Ufone	Pakistan Telecommunication Mobile Ltd
41004	area	Zong	China Mobile
41006	area	Telenor	Telenor Pakistan
41007	area	Warid	WaridTel
55201	area	PNCC	Palau National Communications Corp.
55280	area	Palau Mobile	Palau Mobile Corporation
42305	area	Jawwal	Palestine Cellular Communications, Ltd.
42306	area	Wataniya	Wataniya Palestine Mobile Telecommunications Company
71401	area	Cable & Wireless	Cable & Wireless Panama S.A.
71402	area	movistar	Telefonica Moviles Panama S.A
71404	area	Digicel	Digicel Group
71403	area	Claro	América Móvil
53701	area	B-Mobile	Pacific Mobile Communications
53703	area	Digicel	Digicel PNG
74401	area	VOX	Hola Paraguay S.A
74402	area	Claro	AMX Paraguay S.A.
74404	area	Tigo	Telefonica Celular Del Paraguay S.A. (Telecel)
74405	area	Personal	Núcleo S.A
71606	area	movistar	Telefónica Móviles Perú
71610	area	Claro	América Móvil Perú
71617	area	NEXTEL	NII Holdings
51501	area	Islacom	Globe Telecom via Innove Communications
51502	area	Globe	Globe Telecom
51503	area	Smart	PLDT via Smart Communications
51505	area	Sun	Digital Telecommunications Philippines
51511	area	PLDT via ACeS Philippines	PLDT via ACeS Philippines
51518	area	Cure	PLDT via Smart's Connectivity Unlimited Resources Enterprise
51588	area	Nextel	Nextel
26001	area	Plus	Polkomtel S.A.
26002	area	Era	Polska Telefonia Cyfrowa Sp. z o.o.
26003	area	Orange	Polska Telefonia Komórkowa Centertel Sp. z o.o.
26004	area	Netia S.A.	Netia S.A.
26005	area	Polska Telefonia Komórkowa Centertel Sp. z o.o.	Polska Telefonia Komórkowa Centertel Sp. z o.o.
26006	area	Play	P4 Sp. z o.o.
26007	area	Netia	Netia S.A.
26008	area	E-Telko Sp. z o.o.	E-Telko Sp. z o.o.
26009	area	Telekomunikacja Kolejowa Sp. z o.o.	Telekomunikacja Kolejowa Sp. z o.o.
26010	area	Sferia	Sferia S.A.
26011	area	Nordisk Polska	Nordisk Polska Sp. z o.o.
26012	area	Cyfrowy Polsat	Cyfrowy Polsat S.A.
26013	area	Sferia	Sferia S.A.
26014	area	Sferia	Sferia S.A.
26015	area	CenterNet	CenterNet S.A.
26016	area	Mobyland	Mobyland Sp. z o.o.
26017	area	Aero2	Aero 2 Sp. z o.o.
26801	area	Vodafone	Vodafone Portugal
26803	area	Optimus	Sonaecom – Serviços de Comunicações, S.A.
26806	area	TMN	Telecomunicações Móveis Nacionais
26821	area	Zapp	Zapp Portugal
33011	area	Claro	Puerto Rico Telephone Company
42701	area	Qatarnet	Q-Tel
42702	area	Vodafone Qatar	Vodafone Qatar Q.S.C.
64700	area	Orange	Orange La Réunion
64702	area	Outremer	Outremer Telecom
64710	area	SFR Reunion	Societe Reunionnaise de Radiotelephone
22601	area	Vodafone	Vodafone România
22602	area	Romtelecom	Romtelecom
22603	area	Cosmote	Cosmote România
22604	area	Cosmote	Cosmote România
22605	area	Digi.Mobil	RCS&RDS
22606	area	Cosmote	Cosmote România
22610	area	Orange	Orange România
25001	area	MTS	Mobile TeleSystems
25002	area	MegaFon	MegaFon OJSC
25003	area	NCC	Nizhegorodskaya Cellular Communications
25004	area	Sibchallenge	Sibchallenge
25005	area	ETK	Yeniseytelecom
25006	area	Skylink [106]	CJSC Saratov System of Cellular Communications
25007	area	SMARTS	Zao SMARTS
25009	area	Skylink	Khabarovsky Cellular Phone
25010	area	DTC	Dontelekom
25011	area	Orensot	Orensot
25012	area	Baykalwestcom	Baykal Westcom / New Telephone Company / Far Eastern Cellular, Akos
25013	area	KUGSM	Kuban GSM
25015	area	SMARTS	SMARTS Ufa, SMARTS Uljanovsk
25016	area	NTC	New Telephone Company
25017	area	Utel	JSC Uralsvyazinform
25019	area	INDIGO	INDIGO
25020	area	Tele2	Tele2
25023	area	Mobicom - Novosibirsk	Mobicom - Novosibirsk
25028	area	Beeline	Beeline
25035	area	MOTIV	MOTIV
25038	area	Tambov GSM	Tambov GSM
25039	area	Utel	Uralsvyazinform
25044	area	Stavtelesot / North Caucasian GSM	Stavtelesot / North Caucasian GSM
25092	area	Primtelefon	Primtelefon
25093	area	Telecom XXI	Telecom XXI
25099	area	Beeline	OJSC VimpelCom
63510	area	MTN	MTN Rwandacell SARL
63513	area	Tigo	TIGO RWANDA S.A
356050	area	Digicel	Digicel
356110	area	Cable & Wireless	Cable & Wireless
358050	area	Digicel	Digicel
358110	area	Cable & Wireless	Cable & Wireless
30801	area	Ameris	St. Pierre-et-Miquelon Télécom
360070	area	Digicel	Digicel
360100	area	Cingular Wireless	Cingular Wireless
360110	area	Cable & Wireless	Cable & Wireless
54901	area	Digicel	Digicel Pacific Ltd.
54927	area	SamoaTel	SamoaTel Ltd
29201	area	PRIMA	San Marino Telecom
62601	area	CSTmovel	Companhia Santomese de Telecomunicaçôe
42001	area	Al Jawal	Saudi Telecom Company
42003	area	Mobily	Etihad Etisalat Company
42007	area	EAE	Electronics App' Est.
42004	area	Zain SA	Zain Saudi Arabia
60801	area	Orange (telecommunications)	Sonatel
60802	area	Tigo	Millicom
60803	area	Expresso	Sudatel
22001	area	Telenor	Telenor Serbia
22003	area	mt:s	Telekom Srbija
22005	area	VIP	VIP Mobile
63301	area	Cable & Wireless	Cable & Wireless Seychelles
63302	area	Mediatech International	Mediatech International
63310	area	Airtel	Telecom Airtel
61901	area	Zain	Zain
61902	area	Millicom	Millicom
61903	area	Datatel	Datatel
61904	area	Comium	Comium Sierra leone INC
61905	area	Africell	Africell
61925	area	Mobitel	Mobitel
52501	area	SingTel	Singapore Telecom
52502	area	SingTel-G18	Singapore Telecom
52503	area	M1	MobileOne Asia
52505	area	StarHub	StarHub Mobile
52512	area	Digital Trunked Radio Network	Digital Trunked Radio Network
23101	area	Orange	Orange Slovensko
23102	area	T-Mobile	T-Mobile Slovensko
23103	area	Unient Communications	Unient Communications
23104	area	T-Mobile	T-Mobile Slovensko
23105	area	Mobile Entertainment Company	Mobile Entertainment Company
23106	area	O2	Telefónica O2 Slovakia
23199	area	ŽSR	ŽSR
29340	area	Si.mobil	SI.MOBIL d.d.
29364	area	T-2	T-2 d.o.o.
29370	area	Tušmobil	Tušmobil d.o.o.
5401	area	BREEZE	Solomon Telekom Co Ltd
63701	area	Telesom	Telesom
63704	area	Somafone	Somafone FZLLC
63710	area	Nationlink	NationLink Telecom
63725	area	Hormuud	Hormuud Telecom Somalia Inc
63730	area	Golis	Golis Telecom Somalia
63782	area	Telcom	Telcom Somalia
65501	area	Vodacom	Vodacom
65506	area	Sentech	Sentech
65507	area	Cell C	Cell C
65510	area	MTN	MTN Group
65511	area	SAPS Gauteng	SAPS Gauteng
65513	area	Neotel	Neotel
65521	area	Cape Town Metropolitan Council	Cape Town Metropolitan Council
65530	area	Bokamoso Consortium	Bokamoso Consortium
65531	area	Karabo Telecoms (Pty) Ltd.	Karabo Telecoms (Pty) Ltd.
65532	area	Ilizwi Telecommunications	Ilizwi Telecommunications
65533	area	Thinta Thinta Telecommunications	Thinta Thinta Telecommunications
65502	area	Telkom	Telkom
21401	area	Vodafone	Vodafone Spain
21403	area	Orange	France Telecom España SA
21404	area	Yoigo	Xfera Moviles SA
21405	area	TME	Telefónica Móviles España
21406	area	Vodafone	Vodafone Spain
21407	area	movistar	Telefónica Móviles España
21408	area	Euskaltel	Euskaltel
21409	area	Orange	France Telecom España SA
21415	area	BT	BT Group
21416	area	TeleCable	TeleCable
21417	area	Móbil R	R Cable y Telecomunicaciones
21418	area	ONO	ONO
21419	area	Simyo	Simyo
21421	area	Jazztel	Jazztel
21422	area	DigiMobil	Best Spain Telecom
21423	area	Barablu	BARABLU MÓVIL ESPAÑA
41301	area	Mobitel	Sri Lanka Telecom Mobitel
41302	area	Dialog	Dialog Telekom
41303	area	Etisalat	Emirates Telecommunication Corporation
41305	area	Airtel	Bharti Airtel
41308	area	Hutch	Hutchison Telecommunications Lanka
63401	area	Zain SD	Zain Group - Sudan
63402	area	MTN	MTN Sudan
634	Sudani One	Sudatel Group	Operational	GSM / UMTS / CDMA / HSDPA	Sudani One	Sudatel Group	Operational	GSM / UMTS / CDMA / HSDPA
63405	area	Vivacell	Wawat Securities
74602	area	Telesur (GSM)	Telesur (GSM)
65310	area	Swazi MTN	Swazi MTN
24001	area	Telia	SwedenTeliaSonera
24002	area	3	Hutchison 3G
24003	area	Ice.net	Nordisk Mobiltelefon
24004	area	3G Infrastructure Services	3G Infrastructure Services
24005	area	Sweden 3G	Svenska UMTS-Nät
24006	area	Telenor	Telenor Sweden
24007	area	Tele2	Tele2 Sweden
24008	area	Telenor	Telenor Sweden
24009	area	djuice	Telenor Sweden
24010	area	Spring Mobil	Tele2
24011	area	Lindholmen Science Park	Lindholmen Science Park
24012	area	Barablu Mobile Scandinavia	Barablu Mobile Scandinavia
24013	area	Ventelo Sverige	Ventelo Sverige
24014	area	TDC Mobil	TDC Mobil
24015	area	Wireless Maingate Nordic	Wireless Maingate Nordic
24016	area	42IT	42IT
24017	area	Götalandsnätet	Götalandsnätet
24020	area	Wireless Maingate Message Services	Wireless Maingate Message Services
24021	area	MobiSir	Trafikverket (formerly Banverket)
24025	area	DigiTelMobile	DigiTelMobile
22801	area	Swisscom	Swisscom Ltd
22802	area	Sunrise	Sunrise Communications AG
22803	area	Orange	Orange Communications SA
22805	area	Togewanet AG (Comfone)	Togewanet AG (Comfone)
22806	area	SBB AG	SBB AG
22807	area	IN&Phone	IN&Phone SA
22808	area	Tele2	Tele2 Telecommunications AG
22850	area	3G Mobile AG	3G Mobile AG
22851	area	BebbiCell AG	BebbiCell AG
41701	area	Syriatel	Syriatel
41702	area	MTN	MTN Group Syria
46601	area	FarEasTone	Far EasTone Telecommunications Co Ltd
46602	area	APTG	Asia Pacific Telecom
46606	area	Tuntex	Tuntex Telecom
46611	area	Chunghwa LDM	LDTA/Chungwa Telecom
46688	area	KG Telecom	KG Telecom
46689	area	VIBO	VIBO Telecom
46692	area	Chungwa	Chunghwa
46693	area	MobiTai	Mobitai Communications
46697	area	Taiwan Mobile	Taiwan Mobile Co. Ltd
46699	area	TransAsia	TransAsia Telecoms
43601	area	Tcell	JV Somoncom
43602	area	Indigo	Indigo Tajikistan
43603	area	MLT	TT Mobile
43604	area	Babilon-M	Babilon-Mobile
43605	area	Beeline	Vimpelcom
64007	area	Life	Life Tanzania
64006	area	SasaTel	Sasatel Tanzania
64002	area	tiGO	MIC Tanzania Limited
64003	area	Zantel	Zanzibar Telecom Ltd
64004	area	Vodacom	Vodacom Tanzania Limited
64005	area	Zain	Celtel Tanzania Limited
52000	area	Hutch	CAT Telecom
52001	area	AIS	Advanced Info Service
52002	area	CAT CDMA	CAT Telecom
52015	area	Thai Mobile	ACT Mobile (TOT - CAT Telecom), Telephone Organization of Thailand (TOT)
52018	area	dtac	Total Access Communication
52023	area	AIS GSM 1800	Digital Phone (AIS)
52099	area	True Move	True Corporation
61501	area	Togo Cell	Togo Telecom
61503	area	Moov	Moov Togo
53901	area	Tonga Communications Corporation	Tonga Communications Corporation
53943	area	Shoreline Communication	Shoreline Communication
53988	area	Digicel	Digicel
37412	area	bmobile	TSTT
374130	area	Digicel	Digicel (Trinidad & Tobago) Limited
60501	area	Orange	Orange Tunisie
60502	area	Tunicell	Tunisie Telecom
60503	area	Tunisiana	Orascom Telecom Tunisie
28601	area	Turkcell	Turkcell Iletisim Hizmetleri A.S.
28602	area	Vodafone	Vodafone Turkey
28603	area	Avea	Avea
28604	area	Aycell	Aycell
43801	area	MTS	Barash Communication Technologies
43802	area	TM-Cell	TM-Cell
376350	area	C&W	Cable & Wireless West Indies Ltd (Turks & Caicos)
376352	area	Islandcom	Islandcom Telecommunications
33805	area	Digicel	Digicel (Turks & Caicos) Limited
55301	area	TTC	Tuvalu Telecom
64101	area	Zain	Celtel Cellular
64110	area	MTN	MTN Uganda
64111	area	Uganda Telecom Ltd.	Uganda Telecom Ltd.
64122	area	Warid Telecom	Warid Telecom
64114	area	Orange	Orange Uganda
25501	area	MTS	Ukrainian Mobile Communications
25502	area	Beeline	Ukrainian Radio Systems
25503	area	Kyivstar	Kyivstar GSM JSC
25504	area	IT	Intertelecom
25505	area	Golden Telecom	Golden Telecom
25506	area	life:)	Astelit
25507	area	Ukrtelecom	Ukrtelecom
25521	area	PEOPLEnet	Telesystems of Ukraine
25523	area	CDMA Ukraine	ITC
42402	area	Etisalat	E mirates Telecom Corp
42403	area	du	Emirates Integrated Telecommunications Company
23400	area	BT	BT Group
23401	area	UK01	Mapesbury Communications Ltd.
23402	area	O2	Telefónica O2 UK Limited
23403	area	Airtel-Vodafone	Jersey Airtel Limited, Guernsey Airtel Ltd, Vodaphone
23404	area	FMS Solutions Ltd	FMS Solutions Ltd
23407	area	Cable and Wireless UK	Cable and Wireless UK
23408	area	OnePhone Ltd	OnePhone Ltd
23410	area	O2	Telefónica O2 UK Limited
23411	area	O2	Telefónica Europe
23412	area	Railtrack	Network Rail Infrastructure Ltd
23414	area	Hay Systems Ltd	Hay Systems Ltd
23415	area	Vodafone	Vodafone United Kingdom
23416	area	Opal Telecom Ltd	Opal Telecom Ltd
23418	area	Cloud9	Wire9 Telecom plc
23419	area	Teleware	Teleware plc
23420	area	3	Hutchison 3G UK Ltd
23422	area	RoutoMessaging	Routo Telecom
23425	area	Truphone	Software Cellular Network Ltd
23430	area	T-Mobile	T-Mobile
23431	area	Virgin	Virgin Mobile
23432	area	Virgin	Virgin Mobile
23433	area	Orange	Orange UK
23434	area	Orange	Orange UK
23450	area	JT-Wave	Jersey Telecom (JT-Wave)
23455	area	Sure Mobile	Cable & Wireless Guernsey / Sure Mobile (Jersey)
23458	area	Manx Telecom	Manx Telecom, Pronto GSM
23475	area	Inquam	Inquam Telecom (Holdings) Ltd
23477	area	BT	BT Group
200053	area	Virgin Mobile US	Virgin Mobile US
200054	area	Alltel US	Alltel US
200066	area	U.S. Cellular	U.S. Cellular
310000	area	Mid-Tex Cellular	Mid-Tex Cellular
310001	special	nTelos	nTelos
310002	special	nTelos	nTelos
310003	special	nTelos	nTelos
310004	area	Verizon	Verizon Wireless
310005	special	nTelos	nTelos
310006	special	nTelos	nTelos
310007	special	nTelos	nTelos
310008	special	nTelos	nTelos
310009	special	nTelos	nTelos
310010	area	MCI	MCI
310012	area	Verizon	Verizon Wireless
310013	area	MobileTel	MobileTel
310014	area	Testing	Testing
310016	area	Cricket Communications	Cricket Communications
310017	area	North Sight Communications Inc.	North Sight Communications Inc.
310020	area	Union Telephone Company	Union Telephone Company
310026	area	T-Mobile	T-Mobile
310030	area	Centennial	Centennial Communications
310034	area	Airpeak	Airpeak
310038	area	AT&T	AT&T Mobility
310040	area	Concho	Concho Cellular Telephone Co., Inc.
310046	area	SIMMETRY	TMP Corp
310060	area	Consolidated Telcom	Consolidated Telcom
310070	area	Highland Cellular	Highland Cellular
310080	area	Corr	Corr Wireless Communications LLC
310090	area	AT&T	AT&T Mobility
310100	area	Plateau Wireless	New Mexico RSA 4 East Ltd. Partnership
310110	area	PTI Pacifica	PTI Pacifica Inc.
310120	area	Sprint	Sprint
310150	area	AT&T	AT&T Mobility
310160	area	T-Mobile	T-Mobile
310170	area	T-Mobile	T-Mobile
310180	area	West Central	West Central Wireless
310190	area	Dutch Harbor	Alaska Wireless Communications, LLC
310200	area	T-Mobile	T-Mobile
310210	area	T-Mobile	T-Mobile
310220	area	T-Mobile	T-Mobile
310230	area	T-Mobile	T-Mobile
310240	area	T-Mobile	T-Mobile
310250	area	T-Mobile	T-Mobile
310260	area	T-Mobile	T-Mobile
310270	area	T-Mobile	T-Mobile
310280	area	T-Mobile	T-Mobile
310290	area	T-Mobile	T-Mobile
310300	area	iSmart Mobile	Smart Call
310310	area	T-Mobile	T-Mobile
310311	area	Farmers Wireless	Farmers Wireless
310320	area	Cellular One	Smith Bagley, Inc.
310330	area	T-Mobile	T-Mobile
310340	area	Westlink	Westlink Communications
310350	area	Carolina Phone	Carolina Phone
310380	area	AT&T Mobility	AT&T Mobility
310390	area	Cellular One of East Texas	TX-11 Acquisition, LLC
310400	area	i CAN_GSM	Wave Runner LLC (Guam)
310410	area	AT&T	AT&T Mobility
310420	area	Cincinnati Bell	Cincinnati Bell Wireless
310430	area	Alaska Digitel	Alaska Digitel
310440	area	Cellular One	Cellular One
310450	area	Viaero	Viaero Wireless
310460	area	Simmetry	TMP Corporation
310480	area	Choice Phone	Choice Phone
310490	area	T-Mobile	T-Mobile
310500	area	Alltel	Alltel
310510	area	Airtel	Airtel Wireless
310520	area	VeriSign	VeriSign
310530	area	West Virginia Wireless	West Virginia Wireless
310540	area	Oklahoma Western	Oklahoma Western Telephone Company
310560	area	AT&T	AT&T Mobility
310570	area	Cellular One	MTPCS, LLC
310580	area	T-Mobile	T-Mobile
310590	area	Alltel	Alltel Communications Inc
310610	area	Epic Touch	Elkhart Telephone Co.
310620	area	Coleman County Telecom	Coleman County Telecommunications
310630	area	AmeriLink PCS	Choice Wireless
310640	area	Airadigm	Airadigm Communications
310650	area	Jasper	Jasper Wireless, inc
310660	area	T-Mobile	T-Mobile
310670	area	Northstar	Northstar
310680	area	AT&T	AT&T Mobility
310690	area	Conestoga	Conestoga Wireless Company
310730	area	SeaMobile	SeaMobile
310740	area	Convey	Convey Communications Inc.
310760	area	Panhandle	Panhandle Telecommunications Systems Inc.
310770	area	i wireless	Iowa Wireless Services
310780	area	Airlink PCS	Airlink PCS
310790	area	PinPoint	PinPoint Communications
310800	area	T-Mobile	T-Mobile
310830	area	Caprock	Caprock Cellular
310850	area	Aeris	Aeris Communications, Inc.
310870	area	PACE	Kaplan Telephone Company
310880	area	Advantage	Advantage Cellular Systems
310890	area	Unicel	Rural Cellular Corporation
310900	area	Mid-Rivers Wireless	Mid-Rivers Communications
310910	area	First Cellular	First Cellular of Southern Illinois
310940	area	Iris Wireless LLC	Iris Wireless LLC
310950	area	XIT Wireless	Texas RSA 1 dba XIT Cellular
310960	area	Plateau Wireless	Plateau Wireless
310970	area	Globalstar	Globalstar
310980	area	AT&T Mobility	AT&T Mobility
310990	area	AT&T Mobility	AT&T Mobility
311000	area	Mid-Tex Cellular	Mid-Tex Cellular
311010	area	Chariton Valley	Chariton Valley Communications
311020	area	Missouri RSA 5 Partnership	Missouri RSA 5 Partnership
311030	area	Indigo Wireless	Indigo Wireless
311040	area	Commnet Wireless	Commnet Wireless
311050	area	Wikes Cellular	Wikes Cellular
311060	area	Farmers Cellular	Farmers Cellular Telephone
311070	area	Easterbrooke	Easterbrooke Cellular Corporation
311080	area	Pine Cellular	Pine Telephone Company
311090	area	Long Lines Wireless	Long Lines Wireless LLC
311100	area	High Plains Wireless	High Plains Wireless
311110	area	High Plains Wireless	High Plains Wireless
311120	area	Choice Phone	Choice Phone
311130	area	Cell One Amarillo	Cell One Amarillo
311140	area	Sprocket	MBO Wireless
311150	area	Wilkes Cellular	Wilkes Cellular
311160	area	Endless Mountains Wireless	Endless Mountains Wireless
311170	area	PetroCom	Broadpoint Inc
311180	area	Cingular Wireless	Cingular Wireless
311190	area	Cellular Properties	Cellular Properties
311210	area	Farmers Cellular	Farmers Cellular Telephone
316010	area	Nextel	Nextel Communications
316011	area	Southern Communications Services	Southern Communications Services
74800	area	Ancel	Compania estatal (ANTEL)
74801	area	Ancel	Compania estatal (ANTEL)
74807	area	Movistar	Telefónica Móviles Uruguay
74810	area	Claro	AM Wireless Uruguay S.A.
43401	area	Buztel	Buztel
43402	area	Uzmacom	Uzmacom
43404	area	Beeline	Unitel LLC
43405	area	Ucell	Coscom
43406	area	Perfectum Mobile	Perfectum Mobile
43407	area	MTS	Uzdunrobita
54101	area	SMILE	Telecom Vanuatu Ltd
73401	area	Digitel	Corporacion Digitel C.A.
73402	area	Digitel	Corporacion Digitel C.A.
73403	area	Digitel	Corporacion Digitel C.A.
73404	area	movistar	Telefónica Móviles Venezuela
73406	area	Movilnet	Telecomunicaciones Movilnet
45201	area	MobiFone	Vietnam Mobile Telecom Services Company (VMS)
45202	area	Vinaphone	Vietnam Telecom Services Company
45203	area	S-Fone	S-Telecom
45204	area	Viettel Mobile	Viettel Telecom
45205	area	Vietnamobile	Hanoi Telecom
45206	area	EVNTelecom	EVNTelecom - EVN
45208	area	3G EVNTelecom	EVNTelecom - EVN
45207	area	Beeline VN	GTEL Mobile JSC
42101	area	SabaFon	SabaFon
42102	area	MTN	SpaceTel
42103	area	Yemen Mobile	Yemen Mobile
42104	area	HiTS-UNITEL	Y
64501	area	Zain	Zain
64502	area	MTN	MTN
64503	area	ZAMTEL	ZAMTEL
64801	area	Net*One	Net*One Cellular (Pvt) Ltd
64803	area	Telecel	Telecel Zimbabwe (PVT) Ltd
64804	area	Econet	Econet Wireless (Private) Limited
90101	area	ICO	ICO Satellite Management
90102	area	Sense Communications International	Sense Communications International
90103	area	Iridium	Iridium
90104	area	Globalstar	Globalstar
90105	area	Thuraya RMSS Network	Thuraya RMSS Network
90106	area	Thuraya Satellite Telecommunications Company	Thuraya Satellite Telecommunications Company
90107	area	Ellipso	Ellipso
90108	area	Unknown	Unknown
90109	area	Tele1 Europe	Tele1 Europe
90110	area	ACeS	ACeS
90111	area	Inmarsat	Inmarsat
90112	area	MCP	Maritime Communications Partner AS
90113	area	GSM.AQ	Global Networks Switzerland Inc.
90114	area	AeroMobile AS	AeroMobile AS
90115	area	OnAir Switzerland Sarl	OnAir Switzerland Sarl
90116	area	Jasper Systems	Jasper Systems
90117	area	Navitas	Navitas
90118	area	Cellular @Sea	AT&T Mobility
90119	area	Vodafone Malta Maritime	Vodafone Malta Maritime
90121	area	Seanet	Seanet Maritime Communications
90124	area	iNum	Voxbone
90129	area	Telenor	Telenor
