^+	plus
^011	idd
^00	idd	// for CFISH-6444, accept this foreign IDD, even though it is not valid so we can normalize it with assisted dialing
^1	trunk

^101	cic

^*	vsc
^#	vsc
^11.	vsc

^.	start

211	service
311	service
411	service
511	service
611	service
711	service
811	service
911	emergency

^12..	area
^13..	area
^14..	area
^15..	area
^16..	area
^17..	area
^18..	area
^19..	area
2..	area
3..	area
4..	area
5..	area
6..	area
7..	area
8..	area
9..	area

201	area	New Jersey	New Jersey: Hackensack, Jersey City, Hoboken, Bayonne, Ridgewood, Union City, Teaneck, New Milford, and northeast New Jersey
202	area	Washington	Washington D.C.
203	area	Connecticut	Connecticut: Bridgeport, Danbury, New Haven, Waterbury, Southwestern Connecticut
204	area	Manitoba	Manitoba, Canada
205	area	Alabama	Alabama: Birmingham; Tuscaloosa; western and central Alabama
206	area	Washington	Washington: Seattle
207	area	Maine	Maine
208	area	Idaho	Idaho
209	area	California	California: Stockton, Modesto, Merced, Tracy, San Andreas and central California
210	area	Texas	Texas: San Antonio area
212	area	New York	New York: Manhattan except for Marble Hill
213	area	S California	Southern California: Central Los Angeles
214	area	Texas	Texas: Dallas area
215	area	Pennsylvania	Pennsylvania: Philadelphia
216	area	Ohio	Ohio: Cleveland
217	area	Illinois	Central Illinois: Springfield, Champaign Decatur, Urbana, Lincoln
218	area	N Minnesota	Northern Minnesota: Duluth, Thief River Falls, Brainerd, International Falls
219	area	NW Indiana	Northwest Indiana: Gary, Chesterton, Crown Point, East Chicago, Hammond, Hobart, Merrillville, Michigan City, Portage, Valparaiso
224	area	Illinois	Illinois
225	area	E Louisiana	Central Eastern Louisiana: Baton Rouge, Donaldsonville, New Roads, White Castle
226	area	Ontario	Ontario, Canada
227	area	Maryland	Maryland
228	area	S Mississippi	Southern Mississippi: Gulfport, Biloxi, Pascagoula, Bay St Louis
229	area	SW Georgia	Southwestern Georgia: Albany, Valdosta, Bainbridge, Americus, Fitzgerald
231	area	NW Michigan	Northwestern Michigan: Muskegon, Traverse City, Ludington, Petoskey
234	area	Ohio	Ohio
236	area	British Columbia	British Columbia, Canada
239	area	SW Florida	Southwestern Florida: Lee, Collier, and Monroe Counties; Cape Coral, Fort Myers, Naples, Everglades
240	area	Maryland	Maryland
242	area	Bahamas	The Bahamas
246	area	Barbados	Barbados
248	area	Michigan	Michigan: Oakland County
249	area	Ontario	Ontario, Canada
250	area	British Columbia	British Columbia: Victoria, Prince George, Prince Rupert, Kelowna; also Hyder, Alaska.
251	area	SW Alabama	Southwestern Alabama: Mobile, Jackson, Brewton
252	area	NE North Carolina	Northeastern North Carolina: Greenville, Kitty Hawk, Rocky Mount
253	area	Washington	Washington: Tacoma, Lakewood, Auburn, Puyallup, Enumclaw, Spanaway and south Seattle suburbs
254	area	Texas	Texas: Waco, Killeen, Temple, Belton, and Stephenville
256	area	NE Alabama	Northern and Eastern Alabama: Huntsville, Decatur, Cullman, Gadsden, Florence, Anniston
260	area	NE Indiana	Northeastern Indiana: Fort Wayne, New Haven, Decatur, Angola, Huntington, Wabash
262	area	SE Wisconsin	Southeastern Wisconsin: Racine, Kenosha, Menomonee Falls, Waukesha
264	area	Anguilla	Anguilla
267	area	Pennsylvania	Pennsylvania
268	area	Antigua/Barbuda	Antigua and Barbuda
269	area	SW Michigan	Southwestern Michigan: Battle Creek, Kalamazoo, Benton Harbor, Allegan, Hastings, St Joseph
270	area	W Kentucky	Western Kentucky: Owensboro, Paducah, Bowling Green, Hopkinsville, Henderson, Elizabethtown
274	area	Wisconsin	Wisconsin
276	area	SW Virginia	Southwestern Virginia: Bristol, Abingdon, Wytheville, Martinsville, Bluefield
281	area	Texas	Texas: Houston
283	area	SW Ohio	Southwestern Ohio
284	area	BVIs	The British Virgin Islands
289	area	Ontario	Ontario, Canada
301	area	W Maryland	Western Maryland: Silver Spring, DC suburbs, Hagerstown, Frederick, Rockville, Cumberland
302	area	Delaware	Delaware
303	area	Colorado	Central Colorado: Denver, Boulder, Longmont, Aurora
304	area	West Virginia	West Virginia
305	area	S Florida	Southern Florida: Miami-Dade, Florida Keys, Miami, Homestead, Coral Gables, Key West
306	area	Saskatchewan	Saskatchewan, Canada
307	area	Wyoming	Wyoming
308	area	W Nebraska	Western Nebraska: North Platte, Scottsbluff, McCook, Kearney, Grand Island
309	area	W Illinois	Central Western Illinois: Peoria, Bloomington-Normal, Moline, Rock Island, Galesburg
310	area	S California	Southern California: Santa Monica, Malibu, Torrance, South Bay, Beverly Hills, Catalina Island, the Los Angeles Westside
312	area	Illinois	Illinois: Chicago
313	area	Michigan	Michigan: Dearborn, Detroit, Hamtramck, Highland Park
314	area	Missouri	Missouri: St. Louis, Florissant, Crestwood, Affton
315	area	New York	North Central New York: Syracuse, New York, Utica, Watertown
316	area	Kansas	Kansas: Wichita, Augusta, El Dorado, Mulvane
317	area	Indiana	Central Indiana: Indianapolis, Carmel, Fishers, Noblesville, Greenwood, Mooresville, Beech Grove
318	area	N Louisiana	Northern Louisiana: Shreveport, Monroe, Alexandria, Fisher, Tallulah
319	area	E Iowa	Eastern Iowa: Cedar Rapids, Waterloo, Burlington, Iowa City
320	area	Minnesota	Central Minnesota: St. Cloud, Alexandria, Morris, Hutchinson, Sandstone, Appleton
321	area	E Florida	Central Eastern Florida: Orlando, Cocoa Beach, St Cloud
323	area	S California	Southern California: Los Angeles, West LA, San Fernando Valley, Florence, Montebello
325	area	Texas	Texas: Abilene, San Angelo, Sweetwater, Snyder
327	area	E Arkansas	Eastern Arkansas: Texarkana, Jonesboro, Pine Bluff
330	area	NE Ohio	Northeastern Ohio: Akron, Canton, Youngstown, Warren
331	area	Illinois	Illinois: Aurora, Naperville, western Chicago
334	area	SE Alabama	Southeastern Alabama: Montgomery, Auburn, Opelika, Dothan, Selma
336	area	North Carolina	North Carolina: Greensboro, Winston-Salem, Wilkesboro, Roxboro, and northwest North Carolina
337	area	SW Louisiana	Southwestern Louisiana: Lafayette, Lake Charles, Leesville, New Iberia, Opelousas, De Ridder
339	area	Massachusetts	Massachusetts
340	area	U.S. Virgins	The U.S. Virgin Islands
341	area	California	California: East Bay Area, Oakland, Berkeley, Alameda
343	area	E Ontario	Eastern Ontario, Canada: Ottawa
345	area	Caymans	The Cayman Islands
347	area	New York	New York: The "Outer Boroughs"
351	area	Massachusetts	Massachusetts
352	area	Florida	Central Florida: Gainesville, Ocala, Inverness, Dunnellon
360	area	W Washington	Western Washington: Olympia, Vancouver, Bellingham, Bremerton, Port Angeles, Aberdeen
361	area	SW Texas	Western and Southern Texas: Corpus Christi, Victoria, George
364	area	Kentucky	Kentucky: west of the Pennyrile Parkway, including Fort Campbell, Henderson, Hopkinsville, Madisonville, Murray, and Paducah
369	area	NW California	Northwest California
380	area	Ohio	Ohio
385	area	Utah	Utah
386	area	NE Florida	Northern and Eastern Florida: Daytona Beach, Lake City, Live Oak, Crescent City
401	area	Rhode Island	Rhode Island
402	area	E Nebraska	Eastern Nebraska: Omaha, Lincoln, Norfolk, Superior
403	area	S Alberta	Southern Alberta, Canada: Calgary, Banff, Red Deer, Medicine Hat, Lethbridge, Brooks
404	area	Georgia	Georgia: Atlanta
405	area	Oklahoma	Central Oklahoma: Oklahoma City, Stillwater, Edmond, Norman, Shawnee, Chickasha
406	area	Montana	Montana
407	area	E Florida	Central Eastern Florida: Orlando, Florida, St. Cloud
408	area	California	Central California: San Jose, Los Gatos, Milpitas, Sunnyvale, Cupertino, Gilroy
409	area	SE Texas	Southeastern Texas: Beaumont, Galveston, Port Arthur, Jasper
410	area	E Maryland	Eastern Maryland: Baltimore, Annapolis, Salisbury
412	area	W Pennsylvania	Western Pennsylvania: Pittsburgh area, McKeesport, Braddock, Duquesne
413	area	W Massachusetts	Western Massachusetts: Springfield, Pittsfield, Holyoke, Greenfield
414	area	Wisconsin	Wisconsin: Milwaukee
415	area	California	Central California: San Francisco, Marin County
416	area	Ontario	Ontario: Toronto
417	area	SW Missouri	Southwestern Missouri: Springfield, Joplin, Branson, West Plains, Lamar, Lebanon
418	area	Quebec	Quebec, Canada: Quebec City, Saguenay, Gaspé Peninsula, Côte-Nord, Chibougamau, St-Georges
419	area	NW Ohio	Northwestern Ohio: Toledo, Sylvania, Mansfield, Lima, Findlay, Bryan, Sandusky, Bowling Green
423	area	E Tennessee	Eastern Tennessee: Bristol, Johnson City, Kingsport; Chattanooga, Cleveland
424	area	California	California
425	area	Washington	Washington: Seattle suburbs, Bellevue, Everett, Redmond, Renton, Kirkland, Bothell, Sammamish, Issaquah, Edmonds, Lynnwood and Mountlake Terrace
430	area	Texas	Texas
432	area	W Texas	West Texas: Midland, Odessa, Big Spring, Alpine
434	area	S Virginia	Southern Virginia: Charlottesville, Lynchburg, Danville, Farmville, South Hill
435	area	Utah	Utah: Cedar City, Logan, Moab, Park City, St. George, Moab
438	area	Quebec	Quebec, Canada
440	area	N Ohio	Northern Ohio: Cleveland suburbs, Elyria, Lorain, Oberlin, Ashtabula
441	area	Bermuda	Bermuda
442	area	California	California
443	area	Maryland	Maryland
447	area	Illinois	Illinois
450	area	S Quebec	Central Southern Quebec, Canada: Laval, Montreal suburbs
456	area	Inbound Intl.	Inbound international calls for carrier-specific services
458	area	Oregon	Oregon: Eugene, Medford, Bend, Pendleton, Corvallis, Ontario, Burns
464	area	Illinois	Illinois
469	area	Texas	Texas
470	area	Georgia	Georgia
473	area	Grenada	Grenada
475	area	Connecticut	Connecticut
478	area	Georgia	Central Georgia: Macon, Warner Robins, Swainsboro, Wadley, Milledgeville, Perry
479	area	NW Arkansas	Northwestern Arkansas: Fort Smith, Fayetteville
480	area	Arizona	Arizona: Mesa, Scottsdale, Chandler, Gilbert, Tempe, Queen Creek, eastern Phoenix suburbs
484	area	Pennsylvania	Pennsylvania
500	area	Personal Comm.	Personal Communications Services
501	area	Arkansas	Central Arkansas: Little Rock, Hot Springs
502	area	N Kentucky	Northern Kentucky: Louisville, Frankfort, Shelbyville, Bardstown
503	area	NW Oregon	Northwestern Oregon: Portland, Salem, Hillsboro, St. Helens, Tillamook, Astoria
504	area	Louisiana	Louisiana: New Orleans, Metairie, Kenner
505	area	NW New Mexico	Northwestern New Mexico: Albuquerque, Santa Fe, Farmington, Gallup
506	area	New Brunswick	New Brunswick, Canada
507	area	S Minnesota	Southern Minnesota: Rochester, Mankato, Worthington, Marshall
508	area	SE Massachusetts	Southeastern Massachusetts: Worcester, New Bedford
509	area	E Washington	Eastern Washington: Spokane, the Tri-Cities, Yakima, Wenatchee, Walla Walla, Pullman, Ellensburg
510	area	California	Central California: Oakland, Fremont, Hayward, Castro Valley, Alameda, Berkeley, Richmond
512	area	Texas	Central Texas: Austin, San Marcos, Lampasas, Bastrop, Milam
513	area	SW Ohio	Southwestern Ohio: Cincinnati, Middletown, Hamilton, Norwood, Lebanon
514	area	Quebec	Quebec, Canada: Montreal, Île Perrot,  Île Bizard
515	area	Iowa	North Central Iowa: Des Moines, Ames, Fort Dodge, Jefferson, Algona, Indianola
516	area	New York	New York: Nassau County, Hempstead, Elmont
517	area	Michigan	South Central Michigan: Lansing, Jackson, Charlotte, Coldwater, Howell, Deerfield, Addison
518	area	NE New York	Northeastern New York: Albany, Schenectady, Plattsburgh, Saranac Lake
519	area	SW Ontario	Southwestern Ontario, Canada: London, Windsor, Kitchener-Waterloo, Cambridge
520	area	SE Arizona	Southeastern Arizona: Tucson, Nogales
522	area	Personal Comm.	Personal Communications Services
530	area	NE California	Northerneastern California: Redding, Chico, Davis, Placerville, Lake Tahoe, Susanville, Alturas, Truckee
531	area	Nebraska	Nebraska
533	area	Personal Comm.	Personal Communications Services
534	area	Wisconsin	Wisconsin
539	area	Oklahoma	Oklahoma
540	area	Virginia	North Central Virginia: Roanoke, Fredericksburg, Blacksburg, Harrisonburg, Winchester
541	area	Oregon	Oregon: Eugene, Medford, Bend, Pendleton, Corvallis, Ontario, Burns
544	area	Personal Comm.	Personal Communications Services
551	area	New Jersey	New Jersey
555	area	Dir. Assistance	Directory Assistance Applications
557	area	Missouri	Missouri
559	area	California	Central California: Fresno, Visalia, Madera, Hanford, Tulare
561	area	Florida	Florida: Palm Beach, West Palm Beach, Boca Raton, Boynton Beach, Delray Beach, Belle Glade
562	area	S California	Southern California: Long Beach, Whittier, Norwalk, La Habra Lakewood, Bellflower
563	area	E Iowa	Eastern Iowa: Davenport, Dubuque, Bettendorf, Decorah, Clinton
564	area	Washington	Washington: Western Washington
566	area	Personal Comm.	Personal Communications Services
567	area	Ohio	Ohio
570	area	NE Pennsylvania	Northeastern Pennsylvania: Scranton, Williamsport, Wilkes-Barre, Nanticoke, Hazleton, Pottsville, Sunbury, Danville, Bloomsburg, Stroudsburg
571	area	Virginia	Virginia
573	area	Missouri	Missouri: Columbia, Jefferson City, Hannibal, Cape Girardeau, Poplar Bluff, Farmington, Park Hills, Lake Ozark and eastern Missouri excluding St. Louis
574	area	Indiana	North Central Indiana: South Bend, Logansport, Elkhart, Warsaw, Nappanee
575	area	New Mexico	New Mexico: Las Cruces, Roswell, Carlsbad, Taos
577	area	Personal Comm. Services	Personal Communications Services
579	area	Quebec	Quebec, Canada
580	area	SW Oklahoma	Southern and Western Oklahoma: Enid, Lawton, Ponca City, Guymon, Ardmore, Sayre, Elk City
581	area	Quebec	Quebec, Canada
585	area	W New York	Western New York: Rochester, Wellsville, Batavia
586	area	Michigan	Michigan: Warren, Sterling Heights, Macomb County
587	area	Alberta	Alberta, Canada
588	area	Personal Comm.	Personal Communications Services
600	area	Special Telecom.	Special Telecommunications Needs in Canada
601	area	Mississippi	Central Mississippi: Jackson, Meridian, Natchez, McComb, Hattiesburg
602	area	Arizona	Arizona: Phoenix
603	area	New Hampshire	New Hampshire
604	area	British Columbia	British Columbia: Vancouver, Abbotsford, Whistler, Chilliwack
605	area	South Dakota	South Dakota
606	area	E Kentucky	Eastern Kentucky: Ashland, Hazard, Somerset, London, Corbin, Pikeville, Maysville
607	area	New York	New York: Binghamton, Elmira, Bath, Norwich, Oneonta, Ithaca
608	area	SW Wisconsin	Southwestern Wisconsin: Madison, La Crosse, Platteville, Beloit
609	area	SE New Jersey	Central and Southeastern New Jersey: Atlantic City, Trenton
610	area	SE Pennsylvania	Southeastern Pennsylvania: Allentown, Reading, Norristown, Chester
612	area	Minnesota	Minnesota: Minneapolis, Fort Snelling, St Anthony, Richfield
613	area	E Ontario	Eastern Ontario, Canada: Ottawa, Kingston
614	area	Ohio	Ohio: Columbus
615	area	Tennessee	North Central Tennessee: Nashville, Murfreesboro, Springfield, Lebanon, Dickson
616	area	SW Michigan	Southwestern Michigan: Grand Rapids, Holland, Greenville, Grand Haven, Zeeland, Ionia
617	area	E Massachusetts	Eastern Massachusetts: Boston, Cambridge
618	area	S Illinois	Southern Illinois: Alton, Belleville, Carbondale, Centralia, East Saint Louis, Mount Vernon
619	area	S California	Southern California: San Diego, Chula Vista
620	area	S Kansas	Southern Kansas: Dodge City, Emporia, Geat Bend, Parsons, Liberal
623	area	Arizona	Arizona: Glendale, Sun City, Buckeye, Peoria, western Phoenix suburbs
626	area	S California	Southern California: Pasadena, West Covina, El Monte, La Puente, Arcadia, San Gabriel Valley, eastern Los Angeles suburbs
627	area	N California	Northern California coast
628	area	California	Central California: San Francisco
630	area	Illinois	Illinois: Aurora, Naperville, western Chicago suburbs
631	area	New York	New York: Suffolk County
636	area	Missouri	East Central Missouri: St. Charles, Chesterfield, Union, De Soto, Troy
641	area	Iowa	Central Iowa: Mason City, Oskaloosa, Creston, Pella, Ottumwa, Britt, Clear Lake, Fairfield
646	area	New York	New York: Manhattan
647	area	Ontario	Ontario, Canada
649	area	Turks/Caicos	The Turks and Caicos Islands
650	area	California	Central California: San Mateo, Palo Alto, Redwood City, Menlo Park, Mountain View, southern San Francisco suburbs
651	area	Minnesota	East Central Minnesota: St Paul, Lindstrom, Red Wing, Hastings
657	area	California	California
659	area	Alabama	Alabama
660	area	Missouri	North Central Missouri: Sedalia, Kirksville, Macon, Marshall, Trenton, Maryville, Bethany
661	area	S California	South Central California: Bakersfield, Lancaster, Santa Clarita, Palmdale, Mojave
662	area	N Mississippi	Northern Mississippi: Greenville, Tupelo, Winona, Columbus, Holly Springs
664	area	Montserrat	Montserrat
667	area	Maryland	Maryland
669	area	California	Central California: San Jose
670	area	Marianas	Northern Mariana Islands
671	area	Guam	Guam
678	area	Georgia	Georgia
679	area	Michigan	Michigan
681	area	West Virginia	West Virginia
682	area	Texas	Texas
684	area	Amer. Samoa	American Samoa
689	area	Florida	Florida
700	area	LD Carrier	Long Distance Carrier Use
701	area	North Dakota	North Dakota
702	area	Nevada	Nevada: Clark County, Las Vegas, Henderson, Boulder City
703	area	N Virginia	Northern Virginia: Alexandria, Arlington, Fairfax, Prince William, eastern Loudoun counties
704	area	North Carolina	South Central North Carolina: Charlotte, Gastonia, Concord, Salisbury
705	area	Ontario	Central Ontario, Canada: Sudbury, Sault Ste. Marie, North Bay, Timmins, Barrie
706	area	Georgia	West Central Georgia: Augusta, Lincolnton, Columbus, LaGrange, Rome, Dalton, Thomaston
707	area	NW California	Northwestern California: Napa, Vallejo, Santa Rosa, Ukiah, Crescent City, Eureka, Ukiah
708	area	Illinois	Illinois: Chicago Heights, Evergreen Park, Tinley Park, Elmwood Park, Cicero, Oak Forest, Oak Park, Berwyn, western Chicago suburbs
709	area	Newfoundland	Newfoundland and Labrador, Canada: St. John's
710	area	U.S. Government	U.S. Government Special Services
712	area	W Iowa	Western Iowa: Sioux City, Council Bluffs, Sheldon, Denison, Estherville
713	area	Texas	Texas: Houston
714	area	S California	Southern California: Anaheim, Santa Ana, Huntington Beach, Orange, Garden Grove, Fullerton, Orange County
715	area	N Wisconsin	Northern Wisconsin: Wausau, Eau Claire, Rice Lake, Rhinelander, Ashland
716	area	W New York	Western New York: Buffalo, Jamestown, Niagara Falls, Tonawanda, Olean
717	area	Pennsylvania	South Central Pennsylvania: Harrisburg, Gettysburg, Lancaster, York
718	area	New York	New York: New York City, Marble Hill
719	area	SE Colorado	Southeastern Colorado: Colorado Springs, Pueblo, Leadville, Trinidad, Rocky Ford, La Junta
720	area	Colorado	Colorado
721	area	Sint Maarten	Sint Maarten
724	area	SW Pennsylvania	Southwestern Pennsylvania: New Castle, Washington, Indiana, Uniontown
727	area	Florida	Central Florida: St Petersburg, Dunedin
730	area	Illinois	Illinois
731	area	W Tennessee	Western Tennessee: Union City, Jackson, Dyersburg, Martin, Brownsville, Paris, Bolivar
732	area	New Jersey	East Central New Jersey: New Brunswick, Neptune, Freehold, Lakewood
734	area	SW Michigan	Southwestern Michigan: Ann Arbor, Canton, Plymouth, Monroe, Wayne, Ypsilanti, Romulus, Detroit suburbs
737	area	Texas	Texas
740	area	SE Ohio	Central and Southeastern Ohio: Columbus, Newark, Lancaster, Delaware, Mt. Vernon, Marion, Washington C.H., Marietta, Portsmouth, Cambridge, Zanesville, Coshocton, Stuebenville, Athens
747	area	S California	Southern California: San Fernando Valley
754	area	Florida	Florida
757	area	Virginia	Virginia: Hampton Roads, Eastern Shore
758	area	St. Lucia	Saint Lucia
760	area	SE California	Southeastern California: Bishop, Ridgecrest, Barstow, Palm Springs, Indio, Imperial County
762	area	Georgia	Georgia
763	area	Minnesota	Minnesota: Maple Grove, Monticello, Elk River, Fridley, Blaine, northwest Minneapolis
764	area	California	Central California: Oakland, Berkeley, Alameda
765	area	Indiana	Central Indiana: Lafayette, Marion, Muncie, Richmond
767	area	Dominica	Commonwealth of Dominica
769	area	Mississippi	Mississippi
770	area	N Georgia	Central North Georgia: Marietta, Cedartown, Gainesville, Atlanta suburbs
772	area	E Florida	Central Eastern Florida: Vero Beach, Port Saint Lucie, Fort Pierce, Sebastian, Stuart
773	area	Illinois	Illinois: Chicago
774	area	Massachusetts	Massachusetts
775	area	Nevada	Nevada: Reno, Elko, Ely
778	area	British Columbia	British Columbia
779	area	Illinois	Illinois
780	area	N Alberta	Northern Alberta, Canada: Edmonton, Jasper, Grande Prairie, Peace River
781	area	E Massachusetts	Eastern Massachusetts: Saugus, Norwood, Waltham, Woburn, Boston suburbs
784	area	St. Vincent/Grenadines	Saint Vincent and the Grenadines
785	area	N Kansas	Northern Kansas: Colby, Topeka, Salina, Manhattan, Lawrence
786	area	Florida	Florida: Miami-Dade County, Florida Keys
787	area	Puerto Rico	Puerto Rico
800	area	Toll-free	Toll-free Telephone Service
801	area	Utah	Utah: Wasatch Front
802	area	Vermont	Vermont
803	area	South Carolina	Central South Carolina: Columbia, Rock Hill, Sumter, Aiken
804	area	Virginia	Virginia: Richmond, Petersburg
805	area	California	Central Coastal California: Ventura, San Luis Obispo, Santa Barbara, Oxnard, Simi Valley
806	area	Texas	Texas: Amarillo, Lubbock, Canadian, Perryton, Shamrock, Dalhart, Texas Panhandle
807	area	NW Ontario	Northwestern Ontario, Canada: Thunder Bay, Kenora, Dryden, Greenstone
808	area	Hawaii	Hawaii
809	area	D.R.	Dominican Republic
810	area	Michigan	Michigan: Port Huron, Flint, Lapeer, and Michigan "Thumb"
812	area	Indiana	Indiana: Southern Indiana, including Bloomington, Evansville, Jeffersonville, New Albany, and Terre Haute).
813	area	Florida	Central Florida: Tampa, Temple Terrace, Plant City, Pasco County, Oldsmar
814	area	NW Pennsylvania	Northwestern and Central Pennsylvania: Erie, Warren, State College, Altoona, Johnstown, Meyersdale, Johnsonburg, St. Marys, Ridgway, DuBois, Emporium
815	area	N Illinois	Northern Illinois: Rockford, La Salle, De Kalb, Freeport, Joliet, Plainfield, Crystal Lake
816	area	Missouri	West Central Missouri: Kansas City, St Joseph, Independence, Harrisonville
817	area	Texas	Texas: Fort Worth, Arlington, Grandview, Weatherford, Rhome
818	area	S California	Southern California: San Fernando Valley, including Glendale, San Fernando, Northridge, Burbank, Los Angeles suburbs
819	area	Quebec	Quebec, Canada: Sherbrooke, Trois-Rivieres, Abitibi-Témiscamingue, Mauricie, Outaouais, Estrie
825	area	Alberta	Alberta, Canada
828	area	W North Carolina	Western North Carolina: Hickory, Asheville, Waynesville, Franklin, Murphy
829	area	D.R.	The Dominican Republic
830	area	SW Texas	Southwestern Texas: Del Rio, Uvalde, New Braunfels, Kerrville, Eagle Pass
831	area	California	Central California: Salinas, Hollister, Monterey, Carmel, Santa Cruz
832	area	Texas	Texas
843	area	E South Carolina	Eastern South Carolina: Florence, Myrtle Beach, Charleston, Isle of Palms, Hilton Head Island
845	area	SE New York	Southeastern New York: Rockland, Poughkeepsie, Middletown, West Point, Newburgh, Catskills, Margaretville
847	area	NE Illinois	Northeastern Illinois: Arlington Heights, Buffalo Grove, Wauconda, Waukegan, Des Plaines, Chicago suburbs
848	area	New Jersey	New Jersey
849	area	D.R.	The Dominican Republic
850	area	NW Florida	Northwestern Florida: Pensacola, Tallahassee, Panama City, the Florida panhandle
856	area	SW New Jersey	Southwestern New Jersey: Vineland, Cherry Hill, Camden, Millville
857	area	Massachusetts	Massachusetts
858	area	S California	Southern California: Del Mar, La Jolla, San Diego
859	area	Kentucky	North Central Kentucky: Lexington, Richmond, Danville, Covington, Florence, Mount Sterling
860	area	Connecticut	Connecticut: Bristol, Hartford, Norwich and northern and eastern Connecticut
862	area	New Jersey	New Jersey
863	area	Florida	South Central Florida: Auburndale, Lakeland, Avon Park, Clewiston, Bartow, Sebring, Winter Haven
864	area	South Carolina	South Carolina: Greenville, Spartanburg, Anderson, Upstate South Carolina
865	area	E Tennessee	Central Eastern Tennessee: Knoxville, Gatlinburg, Newport, Jefferson City, Oak Ridge, Rockwood
867	area	Yukon	Yukon, Northwest Territories, and Nunavut, Canada
868	area	Trinidad/Tobago	Trinidad and Tobago
869	area	St. Kitts/Nevis	Saint Kitts and Nevis
870	area	S Arkansas	Southern and Eastern Arkansas: Texarkana, Jonesboro, Pine Bluff
872	area	Illinois	Illinois
873	area	Quebec	Quebec, Canada
876	area	Jamaica	Jamaica
878	area	Pennsylvania	Pennsylvania
888	area	Toll-free	Toll-free Telephone Service
900	area	Premium-rate	Premium-rate Telephone Service
901	area	SW Tennessee	Southwestern Tennessee: Memphis, Covington, Somerville
902	area	Nova Scotia/PEI	Nova Scotia and Prince Edward Island, Canada
903	area	NE Texas	Northeastern Texas: Tyler, Sherman, Longview, Marshall, Palestine, Jacksonville, Carthage
904	area	NE Florida	Northeastern Florida: Jacksonville, St. Augustine, Starke, Green Cove Springs
905	area	SW Ontario	Southwestern Ontario, Canada: Niagara Region, Hamilton, Toronto suburbs
906	area	N Michigan	Northern Michigan: Escanaba, Houghton, Iron Mountain, Marquette, Menominee, Sault Ste. Marie, Upper Peninsula
907	area	Alaska	Alaska: Anchorage, Juneau, Fairbanks
908	area	New Jersey	West Central New Jersey: Alpha, Washington, Elizabeth, Warren, Plainfield
909	area	S California	Southern California: Colton, Grand Terrace, Ontario, Claremont, Pomona, Chino, Redlands, Fontana
910	area	SE North Carolina	Southeastern North Carolina: Fayetteville, Wilmington, Jacksonville, Lumberton
912	area	SE Georgia	Southeastern Georgia: Savannah, Statesboro, Vidalia, Waycross, Brunswick, Douglas
913	area	E Kansas	Eastern Kansas: Kansas City, Overland Park, Paola, Leavenworth
914	area	New York	New York: Westchester County
915	area	Texas	Texas: El Paso County, Hudspeth County
916	area	California	Central California: Sacramento, Davis, Roseville
917	area	New York	New York: New York City
918	area	NE Oklahoma	Northeastern Oklahoma: Tulsa, Bartlesville, McAlester, Muskogee, Henryetta
919	area	North Carolina	North Central North Carolina: Raleigh, Durham, Chapel Hill, Oxford, Goldsboro
920	area	E Wisconsin	Eastern Wisconsin: Appleton, Sheboygan, Oshkosh, Green Bay, Manitowoc, Fond du Lac
925	area	California	Central California: Concord, Pleasant Hill, Walnut Creek, Martinez, Livermore, Pleasanton, Dublin
928	area	NW Arizona	Northern and Western Arizona: Flagstaff, Kingman, Prescott, Yuma
929	area	New York	New York
931	area	Tennessee	Tennessee: Clarksville, Columbia, Manchester, Cookeville
935	area	S California	Southern California: San Diego
936	area	SE Texas	Central and Southeastern Texas: Nacogdoches, Lufkin, Conroe, Huntsville
937	area	SW Ohio	Southwestern Ohio: Marysville, Springfield, Dayton, Hillsboro
938	area	Alabama	Alabama: Huntsville
939	area	Puerto Rico	Puerto Rico
940	area	N Texas	Northern Texas: Vernon, Wichita Falls, Denton, Gainesville, Decatur
941	area	SW Florida	Southwestern Florida: Tampa Bay,Manatee County, Sarasota County, Charlotte County; Bradenton, Port Charlotte, Sarasota, Punta Gorda
947	area	Michigan	Michigan
949	area	S California	Southern California: Laguna Niguel, Irvine, Lake Forest, Newport Beach, Corona Del Mar
950	area	Carrier Access	Carrier Access
951	area	S California	Southern California: Corona, Riverside, Temescal Canyon, Lake Elsinore, Mira Loma, Moreno Valley, Perris, Sun City, Murrieta, Temecula, Hemet, Winchester, Lakeview, Nuevo, Beaumont, Banning, Idyllwild
952	area	Minnesota	Minnesota: Bloomington, Minnetonka, Chaska, Minneapolis
954	area	S Florida	Southern Florida: Fort Lauderdale, Hollywood, Coral Springs
956	area	S Texas	Southern Texas: Laredo, Brownsville, McAllen, Harlingen
959	area	Connecticut	Connecticut
970	area	NW Colorado	Northern and Western Colorado: Aspen, Durango, Grand Junction, Fort Collins
971	area	NW Oregon	Northwestern Oregon: Portland, Salem, Hillsboro, Beaverton
972	area	Texas	Texas
973	area	NW New Jersey	Northwestern New Jersey: Newark, Paterson
975	area	Missouri	Missouri
978	area	NE Massachusetts	Northeastern Massachusetts: Fitchburg, Peabody
979	area	SE Texas	Southeastern Texas: Wharton, Bryan, Bay City, College Station, Lake Jackson, La Grange
980	area	North Carolina	North Carolina
984	area	North Carolina	North Carolina
985	area	SE Louisiana	Southeastern Louisiana: Houma, Slidell
989	area	Michigan	Central Michigan: Alpena, Mt. Pleasant, Bay City, Saginaw, Midland, Owosso

// unused or undefined area codes
220	area
221	area
222	area
223	area
230	area
232	area
233	area
235	area
237	area
238	area
241	area
243	area
244	area
245	area
247	area
255	area
257	area
258	area
259	area
261	area
263	area
265	area
266	area
271	area
272	area
273	area
275	area
277	area
278	area
279	area
280	area
282	area
285	area
286	area
287	area
288	area
290	area
291	area
292	area
293	area
294	area
295	area
296	area
297	area
298	area
299	area
300	area
322	area
324	area
326	area
328	area
329	area
332	area
333	area
335	area
338	area
342	area
344	area
346	area
348	area
349	area
350	area
353	area
354	area
355	area
356	area
357	area
358	area
359	area
362	area
363	area
365	area
366	area
367	area
368	area
370	area
371	area
372	area
373	area
374	area
375	area
376	area
377	area
378	area
379	area
381	area
382	area
383	area
384	area
387	area
388	area
389	area
390	area
391	area
392	area
393	area
394	area
395	area
396	area
397	area
398	area
399	area
400	area
420	area
421	area
422	area
426	area
427	area
428	area
429	area
431	area
433	area
436	area
437	area
439	area
444	area
445	area
446	area
448	area
449	area
451	area
452	area
453	area
454	area
455	area
457	area
459	area
460	area
461	area
462	area
463	area
465	area
466	area
467	area
468	area
471	area
472	area
474	area
476	area
477	area
481	area
482	area
483	area
485	area
486	area
487	area
488	area
489	area
490	area
491	area
492	area
493	area
494	area
495	area
496	area
497	area
498	area
499	area
521	area
523	area
524	area
525	area
526	area
527	area
528	area
529	area
532	area
535	area
536	area
537	area
538	area
542	area
543	area
545	area
546	area
547	area
548	area
549	area
550	area
552	area
553	area
554	area
556	area
558	area
560	area
565	area
568	area
569	area
572	area
576	area
578	area
582	area
583	area
584	area
589	area
590	area
591	area
592	area
593	area
594	area
595	area
596	area
597	area
598	area
599	area
621	area
622	area
624	area
625	area
629	area
632	area
633	area
634	area
635	area
637	area
638	area
639	area
640	area
642	area
643	area
644	area
645	area
648	area
652	area
653	area
654	area
655	area
656	area
658	area
663	area
665	area
666	area
668	area
672	area
673	area
674	area
675	area
676	area
677	area
680	area
683	area
685	area
686	area
687	area
688	area
690	area
691	area
692	area
693	area
694	area
695	area
696	area
697	area
698	area
699	area
722	area
723	area
725	area
726	area
728	area
729	area
733	area
735	area
736	area
738	area
739	area
741	area
742	area
743	area
744	area
745	area
746	area
748	area
749	area
750	area
751	area
752	area
753	area
755	area
756	area
759	area
761	area
766	area
768	area
771	area
776	area
777	area
782	area
783	area
788	area
789	area
790	area
791	area
792	area
793	area
794	area
795	area
796	area
797	area
798	area
799	area
820	area
821	area
822	area
823	area
824	area
826	area
827	area
833	area
834	area
835	area
836	area
837	area
838	area
839	area
840	area
841	area
842	area
844	area
846	area
851	area
852	area
853	area
854	area
855	area
861	area
866	area
871	area
874	area
875	area
877	area
879	area
880	area
881	area
882	area
883	area
884	area
885	area
886	area
887	area
889	area
890	area
891	area
892	area
893	area
894	area
895	area
896	area
897	area
898	area
899	area
921	area
922	area
923	area
924	area
926	area
927	area
930	area
932	area
933	area
934	area
942	area
943	area
944	area
945	area
946	area
948	area
953	area
955	area
957	area
958	area
960	area
961	area
962	area
963	area
964	area
965	area
966	area
967	area
968	area
969	area
974	area
976	area
977	area
981	area
982	area
983	area
986	area
987	area
988	area
990	area
991	area
992	area
993	area
994	area
995	area
996	area
997	area
998	area
999	area