{
    "2": {
        "ln": "Taipei County, Keelung, Panchiao, Sanchung, Yingge, Yungho, Jilong",
        "sn": "Taipei"
    },
    "3.": {
        "ln": "Taoyuan, Tachi",
        "sn": "Taoyuan"
    },
    "32": {
        "ln": "Ilan County, Ruifang",
        "sn": "Ilan"
    },
    "33": {
        "ln": "Taoyuan County, Daxi",
        "sn": "Taoyuan"
    },
    "34": {
        "ln": "Taoyuan County, Zhongli",
        "sn": "Taoyuan"
    },
    "36": {
        "ln": "Hsinchu County, Hukou, Zhudong",
        "sn": "Hsinchu"
    },
    "37": {
        "ln": "Miaoli County, Zhunan, Miaoli",
        "sn": "Miaoli"
    },
    "38": {
        "ln": "Hualian County",
        "sn": "Hualian"
    },
    "39": {
        "ln": "Ilan County, Jiaoqi, Su'ao, Luodong",
        "sn": "Ilan"
    },
    "4.": {
        "ln": "Taizhong County, Wurim, Wufeng, Fengyuan, Shalong, Yuanlin",
        "sn": "Taichung"
    },
    "45": {
        "ln": "Taizhong County, Houli, Lishan",
        "sn": "Taichung"
    },
    "46": {
        "ln": "Dadu, Dajia, Shalu, Qingshui, Rinan, Wuchi",
        "sn": "Dadu"
    },
    "47": {
        "ln": "Changhua County, Lugang",
        "sn": "Changhua"
    },
    "48": {
        "ln": "Shetou Tianzhong Yongjing Yuanlin",
        "sn": "Shetou"
    },
    "49": {
        "ln": "Nantou County, Buli, Riyuetan, Xincun, Zhongxing",
        "sn": "Nantou"
    },
    "5.": {
        "ln": "Yunlin County, Dalin, Jiayi, Minxiong, Beigang, Douliu",
        "sn": "Yunlin"
    },
    "56": {
        "ln": "Huwei",
        "sn": "Huwei"
    },
    "6.": {
        "ln": "Tainan County, Chiali, Makung, Shanhua",
        "sn": "Tainan"
    },
    "62": {
        "ln": "Tainan County, Tainan",
        "sn": "Tainan"
    },
    "66": {
        "ln": "Tainan County, Xinying",
        "sn": "Tainan"
    },
    "69": {
        "ln": "Tainan County, Penghu",
        "sn": "Tainan"
    },
    "7": {
        "ln": " Kaohsiung County, Fengshan, Gangshan, Kaohsiung, Jiuqutang, Nanzi, Qishan, Zuoying",
        "sn": "Kaohsiung"
    },
    "8.": {
        "ln": "Pingtung County, Chaozhou, Pingdong, Matzu Dao",
        "sn": "Pingtung"
    },
    "8..": {
        "ln": "Matzu Dao, Kinmen",
        "sn": "Matzu Dao"
    },
    "823": {
        "ln": "Kinmen",
        "sn": "Kinmen"
    },
    "836": {
        "ln": "Matzu",
        "sn": "Matzu"
    },
    "88": {
        "ln": "Donggang",
        "sn": "Donggang"
    },
    "89": {
        "ln": "Taitung County",
        "sn": "Taitung"
    }
}
